rule,game_id,score_F_phase1,score_G_phase1,score_F_phase2,score_G_phase2,score_F,score_G,winner,phase1_turns,phase1_end_player,phase2_turns,phase2_end_player
by_player,1,1,1,5,5,9,9,draw,2,F,9,G
by_player,2,5,4,11,5,17,6,F,9,G,9,F
by_player,3,4,4,9,12,13,21,G,9,G,9,F
by_player,4,1,3,4,11,10,19,G,2,F,9,G
by_player,5,4,1,7,4,12,9,F,9,G,9,F
by_player,6,1,1,9,4,16,9,F,5,G,9,F
by_player,7,4,3,11,7,19,14,F,9,G,4,F
by_player,8,3,2,8,6,12,10,F,4,F,9,G
by_player,9,6,4,14,9,21,16,F,7,G,2,F
by_player,10,3,3,8,6,13,11,F,9,G,8,F
by_player,11,4,3,9,7,13,11,F,9,G,9,F
by_player,12,1,2,2,4,6,9,G,2,F,2,G
by_player,13,4,4,10,10,16,15,F,9,G,9,F
by_player,14,3,3,6,6,10,11,G,9,G,9,F
by_player,15,2,0,5,2,11,9,F,5,G,2,F
by_player,16,2,2,5,5,13,9,F,2,F,2,G
by_player,17,2,1,8,5,14,11,F,3,G,9,F
by_player,18,4,3,8,6,13,8,F,9,G,8,F
by_player,19,2,2,5,3,9,7,F,9,G,9,F
by_player,20,2,2,7,5,11,8,F,9,G,9,F
by_player,21,3,4,7,11,13,19,G,4,F,9,G
by_player,22,5,2,10,5,16,11,F,9,G,9,F
by_player,23,3,2,7,5,13,10,F,9,G,2,F
by_player,24,3,1,7,6,13,12,F,8,F,6,G
by_player,25,4,2,9,6,13,10,F,9,G,9,F
by_player,26,5,3,10,6,17,10,F,7,G,9,F
by_player,27,3,2,6,5,10,8,F,4,F,9,G
by_player,28,4,1,8,7,14,15,G,7,G,9,F
by_player,29,0,0,3,4,9,9,draw,2,F,9,G
by_player,30,6,3,12,7,17,14,F,9,G,9,F
by_player,31,4,4,10,10,15,17,G,9,G,9,F
by_player,32,3,5,6,8,10,14,G,9,G,9,F
by_player,33,3,4,6,11,11,17,G,9,G,4,F
by_player,34,2,1,7,4,12,8,F,9,G,9,F
by_player,35,2,1,6,5,14,14,draw,3,G,4,F
by_player,36,4,1,8,5,11,9,F,6,F,9,G
by_player,37,2,4,4,7,8,9,G,9,G,2,F
by_player,38,4,4,9,10,16,18,G,9,G,9,F
by_player,39,1,2,8,5,14,9,F,3,G,9,F
by_player,40,5,2,9,5,15,9,F,8,F,8,G
by_player,41,2,4,6,8,13,14,G,9,G,9,F
by_player,42,2,1,6,4,14,6,F,6,F,9,G
by_player,43,3,3,7,8,10,15,G,9,G,9,F
by_player,44,4,2,9,5,13,11,F,9,G,9,F
by_player,45,3,1,7,3,11,10,F,8,F,2,G
by_player,46,3,2,8,7,15,14,F,9,G,9,F
by_player,47,0,0,2,2,6,10,G,9,G,6,F
by_player,48,5,3,10,7,15,13,F,9,G,9,F
by_player,49,4,1,8,5,14,13,F,9,G,9,F
by_player,50,5,3,9,6,15,9,F,9,G,9,F
by_player,51,3,1,9,2,14,5,F,3,G,9,F
by_player,52,3,4,8,8,14,13,F,9,G,9,F
by_player,53,4,1,9,5,15,9,F,9,G,9,F
by_player,54,3,5,8,10,13,17,G,9,G,9,F
by_player,55,5,3,11,7,18,12,F,9,G,9,F
by_player,56,1,1,7,2,14,6,F,2,F,9,G
by_player,57,3,3,8,7,12,13,G,7,G,9,F
by_player,58,0,2,4,10,10,16,G,2,F,8,G
by_player,59,2,2,8,7,15,11,F,3,G,9,F
by_player,60,1,3,4,7,7,10,G,9,G,9,F
by_player,61,4,4,8,6,12,9,F,9,G,9,F
by_player,62,6,2,10,5,15,7,F,9,G,9,F
by_player,63,3,2,7,8,11,16,G,9,G,9,F
by_player,64,4,3,10,8,16,15,F,9,G,9,F
by_player,65,2,1,6,4,11,10,F,9,G,4,F
by_player,66,0,2,3,6,8,12,G,9,G,6,F
by_player,67,4,1,10,3,14,9,F,9,G,4,F
by_player,68,1,2,6,7,12,12,draw,4,F,9,G
by_player,69,3,2,8,7,14,12,F,6,F,4,G
by_player,70,5,2,10,4,15,8,F,8,F,8,G
by_player,71,5,3,13,6,19,10,F,5,G,9,F
by_player,72,2,1,7,4,15,8,F,2,F,9,G
by_player,73,5,2,8,5,11,12,G,9,G,6,F
by_player,74,1,2,5,4,9,10,G,2,F,9,G
by_player,75,2,2,5,3,10,4,F,3,G,9,F
by_player,76,2,1,6,3,10,6,F,5,G,9,F
by_player,77,2,4,4,9,8,16,G,9,G,8,F
by_player,78,2,2,5,4,9,9,draw,9,G,2,F
by_player,79,2,2,7,6,15,11,F,3,G,6,F
by_player,80,5,4,9,8,13,13,draw,9,G,9,F
by_player,81,4,3,10,7,17,11,F,9,G,8,F
by_player,82,4,2,11,4,19,9,F,9,G,9,F
by_player,83,3,2,8,7,16,12,F,8,F,9,G
by_player,84,3,2,9,5,18,11,F,9,G,9,F
by_player,85,1,3,3,6,9,13,G,3,G,2,F
by_player,86,4,3,8,7,12,12,draw,9,G,6,F
by_player,87,3,2,10,6,19,13,F,9,G,9,F
by_player,88,4,1,10,5,13,9,F,3,G,8,F
by_player,89,2,1,7,5,11,10,F,2,F,6,G
by_player,90,5,5,10,9,14,15,G,9,G,9,F
by_player,91,2,1,3,2,8,5,F,3,G,2,F
by_player,92,3,1,7,6,12,10,F,5,G,9,F
by_player,93,1,2,3,5,9,9,draw,4,F,6,G
by_player,94,2,2,6,6,12,12,draw,6,F,9,G
by_player,95,1,2,6,5,13,9,F,2,F,9,G
by_player,96,1,2,5,6,6,10,G,5,G,9,F
by_player,97,2,1,8,3,13,5,F,5,G,9,F
by_player,98,2,4,6,9,8,12,G,9,G,9,F
by_player,99,1,3,4,6,9,11,G,5,G,9,F
by_player,100,4,1,11,4,19,7,F,7,G,6,F
by_player,101,2,2,9,6,16,9,F,3,G,6,F
by_player,102,3,4,7,7,11,11,draw,9,G,8,F
by_player,103,5,2,10,7,16,11,F,8,F,9,G
by_player,104,3,5,7,12,13,20,G,6,F,9,G
by_player,105,4,2,10,6,18,10,F,8,F,9,G
by_player,106,3,3,8,7,14,12,F,5,G,9,F
by_player,107,4,1,9,5,15,11,F,3,G,4,F
by_player,108,2,2,6,9,11,16,G,8,F,9,G
by_player,109,3,3,6,5,11,7,F,5,G,9,F
by_player,110,3,2,8,8,14,13,F,6,F,9,G
by_player,111,3,1,6,4,8,9,G,9,G,9,F
by_player,112,3,2,8,5,16,8,F,9,G,6,F
by_player,113,2,2,4,4,8,9,G,9,G,8,F
by_player,114,2,2,4,7,8,11,G,7,G,9,F
by_player,115,3,3,9,10,16,16,draw,9,G,9,F
by_player,116,5,2,10,7,14,13,F,9,G,9,F
by_player,117,2,3,6,7,10,11,G,9,G,9,F
by_player,118,1,2,7,5,15,10,F,2,F,6,G
by_player,119,5,3,11,7,16,15,F,7,G,4,F
by_player,120,1,3,2,9,4,16,G,9,G,9,F
by_player,121,4,5,7,10,11,15,G,9,G,9,F
by_player,122,2,1,8,4,13,6,F,3,G,9,F
by_player,123,2,1,7,5,13,11,F,9,G,9,F
by_player,124,3,4,7,11,12,17,G,9,G,9,F
by_player,125,2,2,6,8,9,13,G,9,G,9,F
by_player,126,2,1,4,3,8,10,G,5,G,6,F
by_player,127,1,2,4,6,9,10,G,4,F,9,G
by_player,128,2,1,8,7,14,13,F,3,G,9,F
by_player,129,3,2,6,5,13,10,F,9,G,6,F
by_player,130,1,1,3,3,7,8,G,9,G,4,F
by_player,131,3,2,10,7,18,12,F,6,F,9,G
by_player,132,3,2,8,7,14,14,draw,4,F,9,G
by_player,133,4,2,9,9,12,16,G,5,G,9,F
by_player,134,0,2,2,5,6,8,G,6,F,9,G
by_player,135,1,1,3,4,8,9,G,4,F,2,G
by_player,136,3,2,8,4,14,7,F,9,G,4,F
by_player,137,3,1,7,5,14,10,F,9,G,8,F
by_player,138,2,3,4,7,5,10,G,9,G,9,F
by_player,139,1,1,3,1,8,2,F,2,F,2,G
by_player,140,4,2,12,6,19,13,F,9,G,6,F
by_player,141,2,1,8,8,14,13,F,4,F,9,G
by_player,142,2,1,7,5,14,10,F,9,G,9,F
by_player,143,2,3,5,8,11,15,G,6,F,2,G
by_player,144,2,1,6,4,11,6,F,2,F,8,G
by_player,145,1,2,6,5,12,9,F,4,F,9,G
by_player,146,4,3,8,7,14,13,F,9,G,9,F
by_player,147,0,0,1,2,5,8,G,4,F,9,G
by_player,148,4,2,9,5,15,10,F,8,F,9,G
by_player,149,1,1,3,2,6,7,G,2,F,9,G
by_player,150,3,1,8,3,13,4,F,6,F,8,G
by_player,151,2,3,6,9,11,16,G,6,F,9,G
by_player,152,2,0,7,3,14,6,F,3,G,9,F
by_player,153,2,2,6,5,10,9,F,9,G,9,F
by_player,154,3,2,9,5,15,10,F,9,G,9,F
by_player,155,3,4,7,7,13,11,F,8,F,9,G
by_player,156,2,3,7,11,12,17,G,4,F,9,G
by_player,157,2,1,9,4,14,9,F,5,G,9,F
by_player,158,2,3,8,9,13,15,G,4,F,9,G
by_player,159,1,1,6,5,13,10,F,3,G,9,F
by_player,160,6,1,14,3,21,8,F,9,G,9,F
by_player,161,4,5,9,11,14,17,G,9,G,6,F
by_player,162,2,1,5,6,7,11,G,9,G,9,F
by_player,163,1,3,6,8,12,14,G,4,F,9,G
by_player,164,2,4,7,7,14,12,F,7,G,9,F
by_player,165,3,4,7,9,12,14,G,7,G,9,F
by_player,166,4,1,8,4,13,11,F,3,G,8,F
by_player,167,2,3,5,6,8,8,draw,9,G,9,F
by_player,168,5,5,9,12,13,18,G,9,G,9,F
by_player,169,3,1,6,5,11,9,F,9,G,9,F
by_player,170,2,1,9,4,14,10,F,5,G,9,F
by_player,171,4,4,9,9,16,16,draw,9,G,4,F
by_player,172,4,3,10,7,17,13,F,6,F,2,G
by_player,173,3,4,6,9,10,13,G,9,G,9,F
by_player,174,4,3,9,8,13,14,G,9,G,9,F
by_player,175,1,3,7,6,12,11,F,6,F,9,G
by_player,176,2,3,7,7,12,13,G,9,G,6,F
by_player,177,3,2,6,6,8,12,G,9,G,9,F
by_player,178,5,3,8,6,11,10,F,9,G,9,F
by_player,179,1,2,5,8,11,13,G,2,F,9,G
by_player,180,2,2,7,7,14,12,F,3,G,9,F
by_player,181,2,3,5,7,9,11,G,9,G,9,F
by_player,182,3,2,5,3,10,8,F,9,G,6,F
by_player,183,3,2,6,4,9,7,F,9,G,9,F
by_player,184,3,1,8,5,12,9,F,7,G,6,F
by_player,185,2,1,8,5,13,11,F,3,G,9,F
by_player,186,2,1,8,7,15,11,F,3,G,9,F
by_player,187,4,3,11,9,16,16,draw,9,G,6,F
by_player,188,1,1,6,6,11,10,F,3,G,9,F
by_player,189,2,2,9,7,17,14,F,2,F,9,G
by_player,190,5,3,12,7,16,9,F,7,G,9,F
by_player,191,3,1,10,4,14,8,F,3,G,9,F
by_player,192,2,3,6,7,8,11,G,8,F,9,G
by_player,193,3,1,9,5,15,12,F,9,G,9,F
by_player,194,2,2,7,7,12,10,F,4,F,9,G
by_player,195,1,1,4,6,10,14,G,4,F,6,G
by_player,196,3,1,7,5,12,10,F,3,G,6,F
by_player,197,3,2,9,6,15,9,F,9,G,9,F
by_player,198,4,1,9,4,14,7,F,9,G,9,F
by_player,199,4,2,10,7,17,12,F,6,F,8,G
by_player,200,4,3,9,8,16,16,draw,7,G,9,F
by_player,201,2,2,5,7,9,11,G,3,G,9,F
by_player,202,3,5,9,7,14,11,F,9,G,9,F
by_player,203,2,1,8,6,13,13,draw,8,F,9,G
by_player,204,3,1,8,8,13,14,G,4,F,9,G
by_player,205,2,1,9,4,16,8,F,5,G,9,F
by_player,206,4,3,9,5,16,10,F,9,G,9,F
by_player,207,3,3,8,4,15,7,F,6,F,4,G
by_player,208,4,2,10,6,14,11,F,9,G,9,F
by_player,209,3,2,10,7,18,12,F,9,G,9,F
by_player,210,4,2,11,8,17,14,F,5,G,9,F
by_player,211,2,3,6,8,11,13,G,9,G,9,F
by_player,212,1,2,4,6,8,12,G,4,F,6,G
by_player,213,3,3,9,9,14,16,G,8,F,9,G
by_player,214,3,3,9,7,15,14,F,8,F,9,G
by_player,215,2,1,7,3,10,4,F,4,F,6,G
by_player,216,2,1,5,3,7,7,draw,7,G,9,F
by_player,217,3,1,7,4,12,10,F,9,G,9,F
by_player,218,1,3,4,9,6,16,G,9,G,9,F
by_player,219,1,0,6,4,13,11,F,2,F,9,G
by_player,220,1,2,5,7,9,10,G,4,F,9,G
by_player,221,1,0,3,1,8,4,F,2,F,9,G
by_player,222,3,3,9,7,16,11,F,9,G,9,F
by_player,223,2,2,8,6,14,12,F,3,G,9,F
by_player,224,2,2,4,8,5,18,G,9,G,9,F
by_player,225,5,1,10,4,14,10,F,9,G,9,F
by_player,226,1,0,6,4,13,9,F,2,F,9,G
by_player,227,4,2,11,6,16,12,F,9,G,9,F
by_player,228,4,2,11,6,17,10,F,9,G,9,F
by_player,229,3,1,6,6,9,13,G,6,F,9,G
by_player,230,2,1,6,7,13,17,G,2,F,9,G
by_player,231,1,0,7,3,12,7,F,9,G,9,F
by_player,232,5,3,10,6,14,10,F,9,G,9,F
by_player,233,3,1,7,5,10,11,G,9,G,4,F
by_player,234,4,3,7,6,11,9,F,9,G,9,F
by_player,235,1,1,5,7,11,13,G,2,F,9,G
by_player,236,2,2,5,7,8,13,G,6,F,9,G
by_player,237,3,4,5,9,12,18,G,9,G,4,F
by_player,238,2,4,4,9,6,11,G,9,G,8,F
by_player,239,1,5,5,8,9,13,G,9,G,9,F
by_player,240,2,2,5,5,9,10,G,9,G,9,F
by_player,241,4,3,8,7,13,11,F,6,F,9,G
by_player,242,3,2,8,6,15,10,F,9,G,9,F
by_player,243,4,1,9,6,14,15,G,9,G,9,F
by_player,244,1,1,5,6,8,10,G,3,G,9,F
by_player,245,2,5,5,11,10,15,G,9,G,4,F
by_player,246,3,5,7,11,13,18,G,9,G,9,F
by_player,247,3,4,6,10,12,16,G,5,G,2,F
by_player,248,3,2,8,7,14,12,F,8,F,9,G
by_player,249,4,1,7,5,10,11,G,6,F,9,G
by_player,250,5,3,12,7,18,11,F,9,G,8,F
by_player,251,4,5,10,8,20,13,F,7,G,9,F
by_player,252,2,3,6,10,10,18,G,6,F,9,G
by_player,253,2,2,6,7,9,12,G,3,G,6,F
by_player,254,2,2,7,5,11,11,draw,4,F,9,G
by_player,255,2,2,5,5,7,8,G,9,G,9,F
by_player,256,3,4,7,11,12,17,G,7,G,2,F
by_player,257,5,2,9,4,11,7,F,9,G,9,F
by_player,258,4,3,10,9,13,14,G,9,G,6,F
by_player,259,4,1,6,2,10,6,F,9,G,9,F
by_player,260,4,4,8,7,12,11,F,9,G,9,F
by_player,261,2,2,5,6,10,13,G,4,F,9,G
by_player,262,4,2,9,5,16,11,F,9,G,2,F
by_player,263,2,1,7,4,14,11,F,2,F,9,G
by_player,264,0,0,3,3,7,7,draw,9,G,9,F
by_player,265,4,1,9,4,15,9,F,9,G,9,F
by_player,266,3,2,6,6,12,12,draw,9,G,6,F
by_player,267,2,2,5,6,10,11,G,8,F,6,G
by_player,268,2,1,5,4,9,7,F,2,F,9,G
by_player,269,4,3,11,9,16,14,F,9,G,9,F
by_player,270,1,1,5,5,11,7,F,2,F,9,G
by_player,271,4,3,9,6,15,12,F,9,G,8,F
by_player,272,0,0,2,2,6,6,draw,2,F,8,G
by_player,273,1,3,4,6,7,9,G,9,G,9,F
by_player,274,4,2,9,6,16,12,F,9,G,9,F
by_player,275,3,4,8,9,14,16,G,9,G,9,F
by_player,276,4,2,10,5,16,11,F,8,F,4,G
by_player,277,5,4,8,8,13,14,G,9,G,9,F
by_player,278,5,4,10,8,15,13,F,9,G,9,F
by_player,279,4,4,9,7,15,11,F,9,G,9,F
by_player,280,3,4,7,9,12,13,G,9,G,4,F
by_player,281,4,4,9,8,13,12,F,9,G,9,F
by_player,282,1,2,5,7,9,13,G,2,F,9,G
by_player,283,4,1,13,4,20,10,F,7,G,9,F
by_player,284,2,0,6,3,11,8,F,5,G,4,F
by_player,285,4,2,9,6,14,11,F,9,G,9,F
by_player,286,2,3,7,11,12,18,G,9,G,9,F
by_player,287,3,4,8,10,14,16,G,9,G,9,F
by_player,288,2,2,8,6,15,10,F,7,G,9,F
by_player,289,4,2,10,5,15,10,F,9,G,4,F
by_player,290,4,6,6,11,8,17,G,9,G,6,F
by_player,291,5,3,10,5,16,9,F,9,G,2,F
by_player,292,2,1,4,4,11,8,F,4,F,4,G
by_player,293,4,2,9,4,14,7,F,9,G,2,F
by_player,294,4,5,10,9,16,14,F,6,F,9,G
by_player,295,1,3,4,7,11,14,G,3,G,2,F
by_player,296,3,4,8,8,14,11,F,9,G,9,F
by_player,297,1,3,4,7,8,13,G,9,G,8,F
by_player,298,5,2,11,4,16,7,F,9,G,9,F
by_player,299,4,3,8,7,11,13,G,8,F,9,G
by_player,300,3,3,6,7,9,12,G,9,G,9,F
by_player,301,3,4,11,9,17,14,F,9,G,9,F
by_player,302,5,1,10,4,14,7,F,9,G,4,F
by_player,303,4,3,10,7,16,15,F,4,F,9,G
by_player,304,3,2,8,5,13,10,F,6,F,4,G
by_player,305,2,1,6,3,11,7,F,9,G,2,F
by_player,306,4,1,9,6,13,12,F,9,G,9,F
by_player,307,3,1,8,4,12,10,F,9,G,6,F
by_player,308,2,4,5,8,9,14,G,4,F,9,G
by_player,309,4,2,9,7,13,12,F,5,G,9,F
by_player,310,3,0,8,4,14,9,F,4,F,9,G
by_player,311,3,1,11,4,18,10,F,5,G,9,F
by_player,312,3,0,7,6,10,14,G,3,G,9,F
by_player,313,4,1,9,4,11,10,F,8,F,6,G
by_player,314,2,1,3,6,5,9,G,6,F,6,G
by_player,315,5,3,8,7,13,14,G,8,F,6,G
by_player,316,1,1,4,6,10,12,G,7,G,4,F
by_player,317,4,4,9,9,17,14,F,9,G,2,F
by_player,318,2,1,8,5,16,11,F,4,F,6,G
by_player,319,5,2,10,5,17,9,F,9,G,9,F
by_player,320,5,3,8,8,11,13,G,9,G,9,F
by_player,321,4,2,9,6,15,12,F,9,G,9,F
by_player,322,2,2,6,5,12,9,F,8,F,9,G
by_player,323,2,1,5,5,10,11,G,2,F,9,G
by_player,324,4,2,9,6,15,11,F,5,G,4,F
by_player,325,1,2,5,6,9,13,G,9,G,9,F
by_player,326,3,3,7,7,14,13,F,4,F,4,G
by_player,327,3,3,6,5,11,11,draw,6,F,4,G
by_player,328,2,3,6,6,11,13,G,4,F,9,G
by_player,329,5,3,9,4,12,9,F,9,G,9,F
by_player,330,6,2,10,4,15,7,F,9,G,9,F
by_player,331,4,2,9,5,15,10,F,6,F,6,G
by_player,332,4,3,9,7,15,11,F,9,G,9,F
by_player,333,3,2,7,6,11,12,G,4,F,6,G
by_player,334,3,2,7,5,12,11,F,9,G,2,F
by_player,335,0,0,1,2,7,5,F,2,F,2,G
by_player,336,2,1,7,4,13,10,F,9,G,9,F
by_player,337,4,2,9,4,16,10,F,9,G,2,F
by_player,338,1,1,5,2,10,6,F,2,F,9,G
by_player,339,2,3,4,7,8,11,G,8,F,9,G
by_player,340,2,2,5,7,8,12,G,4,F,9,G
by_player,341,5,4,10,7,13,12,F,7,G,9,F
by_player,342,4,3,7,6,11,13,G,9,G,6,F
by_player,343,1,2,3,8,7,13,G,6,F,9,G
by_player,344,0,2,4,7,9,12,G,4,F,9,G
by_player,345,4,3,8,6,13,11,F,9,G,9,F
by_player,346,1,1,5,4,9,8,F,2,F,9,G
by_player,347,2,3,5,5,10,11,G,9,G,2,F
by_player,348,3,1,5,3,9,8,F,9,G,9,F
by_player,349,6,2,13,5,20,9,F,9,G,9,F
by_player,350,2,2,4,6,7,8,G,6,F,9,G
by_player,351,2,1,6,3,12,8,F,4,F,9,G
by_player,352,4,1,10,9,18,15,F,4,F,9,G
by_player,353,2,1,8,4,14,8,F,3,G,9,F
by_player,354,1,2,4,6,8,11,G,9,G,9,F
by_player,355,3,2,9,8,14,14,draw,9,G,9,F
by_player,356,5,2,10,7,16,13,F,9,G,9,F
by_player,357,5,3,10,7,15,14,F,9,G,9,F
by_player,358,1,1,7,2,10,3,F,3,G,9,F
by_player,359,4,4,11,10,17,15,F,9,G,9,F
by_player,360,3,2,8,5,16,9,F,6,F,8,G
by_player,361,1,1,6,6,15,12,F,2,F,8,G
by_player,362,0,2,2,5,7,9,G,2,F,4,G
by_player,363,3,2,7,4,13,9,F,9,G,9,F
by_player,364,7,4,14,8,19,14,F,9,G,2,F
by_player,365,4,3,9,6,15,13,F,9,G,2,F
by_player,366,2,4,9,8,14,13,F,9,G,9,F
by_player,367,3,1,7,5,12,9,F,9,G,9,F
by_player,368,4,2,9,5,14,10,F,9,G,9,F
by_player,369,0,1,3,4,9,9,draw,2,F,8,G
by_player,370,5,3,10,9,16,15,F,7,G,9,F
by_player,371,3,3,6,6,12,12,draw,4,F,2,G
by_player,372,4,1,8,5,12,10,F,9,G,9,F
by_player,373,3,5,8,11,13,16,G,9,G,9,F
by_player,374,3,2,5,4,6,8,G,9,G,6,F
by_player,375,1,0,4,1,6,6,draw,2,F,6,G
by_player,376,1,2,7,6,12,10,F,3,G,9,F
by_player,377,4,3,7,7,10,9,F,9,G,9,F
by_player,378,3,3,7,11,12,18,G,8,F,9,G
by_player,379,2,5,6,10,9,15,G,9,G,4,F
by_player,380,4,3,7,6,13,14,G,7,G,2,F
by_player,381,2,1,6,4,13,9,F,6,F,9,G
by_player,382,3,1,8,3,14,10,F,6,F,2,G
by_player,383,2,4,5,9,9,13,G,7,G,9,F
by_player,384,2,2,5,5,11,12,G,3,G,2,F
by_player,385,0,2,2,7,7,14,G,2,F,6,G
by_player,386,1,1,6,7,13,14,G,4,F,9,G
by_player,387,2,2,8,6,13,9,F,9,G,9,F
by_player,388,2,2,6,10,9,18,G,2,F,9,G
by_player,389,4,2,8,4,13,7,F,9,G,8,F
by_player,390,2,1,7,4,13,8,F,9,G,9,F
by_player,391,2,3,8,8,15,14,F,9,G,9,F
by_player,392,5,5,11,11,20,18,F,9,G,6,F
by_player,393,4,1,12,5,20,9,F,5,G,9,F
by_player,394,1,2,5,4,8,7,F,9,G,9,F
by_player,395,7,3,14,6,19,10,F,9,G,9,F
by_player,396,4,1,11,4,17,10,F,5,G,9,F
by_player,397,4,3,10,8,17,15,F,8,F,9,G
by_player,398,4,5,7,9,13,16,G,9,G,9,F
by_player,399,3,3,6,6,10,10,draw,9,G,9,F
by_player,400,3,2,8,6,14,11,F,9,G,9,F
by_player,401,3,3,7,6,12,9,F,9,G,2,F
by_player,402,2,1,5,4,6,7,G,9,G,9,F
by_player,403,1,1,6,7,12,15,G,2,F,9,G
by_player,404,2,3,7,7,14,11,F,6,F,9,G
by_player,405,2,2,7,8,12,14,G,3,G,9,F
by_player,406,2,1,7,4,11,8,F,5,G,9,F
by_player,407,3,3,6,6,11,12,G,9,G,9,F
by_player,408,4,3,10,7,16,11,F,9,G,6,F
by_player,409,2,3,8,7,14,14,draw,9,G,9,F
by_player,410,3,4,7,8,14,14,draw,9,G,4,F
by_player,411,3,5,8,11,15,18,G,9,G,4,F
by_player,412,2,3,5,8,10,16,G,9,G,2,F
by_player,413,4,3,9,7,14,13,F,8,F,9,G
by_player,414,2,2,6,7,11,11,draw,8,F,9,G
by_player,415,4,3,11,8,18,13,F,5,G,9,F
by_player,416,4,3,10,8,17,14,F,9,G,6,F
by_player,417,3,4,8,8,14,15,G,9,G,9,F
by_player,418,3,0,9,3,13,5,F,9,G,9,F
by_player,419,4,3,9,7,14,13,F,9,G,9,F
by_player,420,3,4,6,8,10,11,G,9,G,9,F
by_player,421,1,2,3,8,9,13,G,4,F,6,G
by_player,422,4,4,7,7,10,12,G,9,G,9,F
by_player,423,5,4,8,11,12,18,G,9,G,9,F
by_player,424,0,1,6,5,12,10,F,2,F,9,G
by_player,425,4,1,11,7,17,13,F,6,F,9,G
by_player,426,2,3,7,7,11,10,F,5,G,9,F
by_player,427,0,1,1,4,7,7,draw,2,F,2,G
by_player,428,1,2,4,5,10,9,F,9,G,9,F
by_player,429,2,2,7,9,11,16,G,2,F,9,G
by_player,430,2,2,9,8,14,15,G,2,F,9,G
by_player,431,2,1,6,5,10,11,G,2,F,9,G
by_player,432,3,3,8,10,14,17,G,4,F,9,G
by_player,433,2,2,7,8,14,13,F,6,F,9,G
by_player,434,1,1,5,6,9,12,G,9,G,9,F
by_player,435,2,3,5,8,10,12,G,7,G,8,F
by_player,436,4,2,8,5,11,10,F,9,G,9,F
by_player,437,1,2,5,9,10,14,G,4,F,9,G
by_player,438,2,3,6,9,10,15,G,4,F,9,G
by_player,439,2,2,4,3,7,5,F,9,G,9,F
by_player,440,5,1,9,3,17,7,F,8,F,2,G
by_player,441,3,2,8,5,13,10,F,6,F,9,G
by_player,442,2,4,5,7,8,12,G,9,G,9,F
by_player,443,6,1,14,6,22,11,F,9,G,6,F
by_player,444,2,2,4,6,7,12,G,5,G,9,F
by_player,445,4,2,8,5,13,11,F,4,F,9,G
by_player,446,2,0,9,3,16,7,F,3,G,9,F
by_player,447,2,1,7,4,15,9,F,7,G,6,F
by_player,448,3,4,7,7,11,12,G,9,G,9,F
by_player,449,0,1,4,6,8,11,G,3,G,9,F
by_player,450,2,2,8,7,12,11,F,5,G,6,F
by_player,451,2,3,9,6,17,10,F,5,G,8,F
by_player,452,3,1,6,6,12,12,draw,9,G,9,F
by_player,453,2,5,4,10,8,17,G,9,G,9,F
by_player,454,2,4,6,8,10,13,G,9,G,9,F
by_player,455,3,5,7,13,12,21,G,8,F,9,G
by_player,456,3,2,7,5,12,9,F,6,F,6,G
by_player,457,5,4,8,9,11,15,G,9,G,9,F
by_player,458,5,0,10,3,15,6,F,9,G,9,F
by_player,459,0,3,3,5,7,9,G,9,G,6,F
by_player,460,5,2,9,6,14,9,F,9,G,4,F
by_player,461,3,2,7,5,12,9,F,9,G,9,F
by_player,462,1,1,7,3,15,7,F,9,G,9,F
by_player,463,4,3,8,8,14,13,F,6,F,2,G
by_player,464,3,2,7,6,11,11,draw,9,G,9,F
by_player,465,2,2,7,6,12,12,draw,5,G,9,F
by_player,466,2,3,7,8,12,14,G,9,G,9,F
by_player,467,2,1,5,2,11,6,F,2,F,2,G
by_player,468,3,2,8,6,15,11,F,4,F,9,G
by_player,469,6,3,10,6,15,11,F,9,G,9,F
by_player,470,4,2,9,6,15,12,F,5,G,9,F
by_player,471,5,2,10,5,13,8,F,9,G,9,F
by_player,472,5,5,11,10,16,15,F,9,G,9,F
by_player,473,2,4,5,9,8,16,G,9,G,9,F
by_player,474,5,5,10,9,14,14,draw,9,G,9,F
by_player,475,3,3,5,7,11,13,G,9,G,4,F
by_player,476,4,2,10,6,17,12,F,9,G,9,F
by_player,477,3,4,7,8,9,13,G,9,G,9,F
by_player,478,3,4,8,12,14,20,G,6,F,9,G
by_player,479,1,0,7,2,13,7,F,3,G,9,F
by_player,480,3,0,8,2,14,6,F,9,G,9,F
by_player,481,3,4,6,11,11,17,G,4,F,9,G
by_player,482,3,1,7,6,11,10,F,3,G,4,F
by_player,483,3,2,6,5,10,8,F,9,G,9,F
by_player,484,1,1,3,4,6,10,G,4,F,4,G
by_player,485,2,2,7,4,13,8,F,9,G,9,F
by_player,486,3,1,7,6,11,13,G,8,F,9,G
by_player,487,1,0,3,1,9,6,F,2,F,2,G
by_player,488,2,1,6,6,11,14,G,4,F,9,G
by_player,489,4,1,8,3,12,10,F,5,G,4,F
by_player,490,2,2,5,4,12,9,F,4,F,9,G
by_player,491,0,1,3,5,8,11,G,2,F,9,G
by_player,492,1,3,6,8,11,13,G,9,G,9,F
by_player,493,2,5,4,9,9,15,G,7,G,9,F
by_player,494,3,2,7,7,11,13,G,9,G,9,F
by_player,495,2,3,3,7,6,13,G,9,G,8,F
by_player,496,3,0,7,4,13,9,F,9,G,9,F
by_player,497,2,3,5,6,9,10,G,9,G,9,F
by_player,498,0,2,0,4,4,8,G,6,F,2,G
by_player,499,3,3,7,8,10,13,G,9,G,9,F
by_player,500,5,2,9,4,14,8,F,7,G,6,F
by_player,501,3,2,6,5,10,11,G,9,G,9,F
by_player,502,2,2,5,5,11,11,draw,4,F,2,G
by_player,503,1,5,5,9,9,13,G,9,G,9,F
by_player,504,2,1,5,4,11,8,F,8,F,2,G
by_player,505,3,2,8,5,12,10,F,9,G,9,F
by_player,506,3,1,10,5,15,8,F,4,F,9,G
by_player,507,2,2,6,7,11,15,G,7,G,9,F
by_player,508,2,3,5,8,11,12,G,6,F,9,G
by_player,509,3,1,8,6,15,15,draw,2,F,9,G
by_player,510,1,2,4,5,8,8,draw,2,F,9,G
by_player,511,2,1,7,8,12,15,G,2,F,9,G
by_player,512,2,2,7,5,12,11,F,7,G,9,F
by_player,513,2,1,9,5,15,9,F,2,F,9,G
by_player,514,3,3,8,6,14,10,F,9,G,9,F
by_player,515,1,1,6,8,12,16,G,4,F,9,G
by_player,516,1,2,3,4,8,10,G,2,F,2,G
by_player,517,2,2,5,5,10,9,F,9,G,9,F
by_player,518,1,1,6,2,11,7,F,2,F,9,G
by_player,519,2,1,6,5,14,8,F,3,G,9,F
by_player,520,1,2,8,7,16,11,F,2,F,8,G
by_player,521,2,4,5,8,8,13,G,9,G,9,F
by_player,522,3,4,10,8,15,15,draw,9,G,6,F
by_player,523,2,1,7,4,12,12,draw,5,G,6,F
by_player,524,3,2,5,5,9,11,G,9,G,9,F
by_player,525,1,4,4,10,10,18,G,9,G,9,F
by_player,526,1,2,4,5,9,10,G,2,F,9,G
by_player,527,2,3,4,9,9,15,G,4,F,9,G
by_player,528,4,2,8,5,12,10,F,4,F,9,G
by_player,529,2,2,5,4,12,9,F,2,F,2,G
by_player,530,4,4,8,9,12,15,G,9,G,6,F
by_player,531,3,2,7,5,13,8,F,6,F,2,G
by_player,532,2,4,5,6,8,7,F,9,G,9,F
by_player,533,4,3,11,7,18,11,F,7,G,9,F
by_player,534,4,2,9,5,12,11,F,9,G,4,F
by_player,535,1,1,7,4,13,6,F,3,G,9,F
by_player,536,2,4,6,8,10,12,G,9,G,9,F
by_player,537,3,2,9,5,16,10,F,9,G,9,F
by_player,538,2,3,8,6,16,11,F,6,F,9,G
by_player,539,3,3,10,8,16,14,F,7,G,9,F
by_player,540,3,4,7,8,11,14,G,9,G,9,F
by_player,541,2,1,6,5,10,10,draw,2,F,9,G
by_player,542,4,3,8,7,15,11,F,9,G,6,F
by_player,543,5,4,9,9,15,15,draw,9,G,9,F
by_player,544,2,2,5,8,12,14,G,2,F,4,G
by_player,545,2,2,5,8,11,15,G,6,F,9,G
by_player,546,4,1,8,3,12,6,F,7,G,9,F
by_player,547,3,1,10,4,17,8,F,2,F,8,G
by_player,548,3,2,8,6,13,10,F,9,G,9,F
by_player,549,3,4,7,8,12,14,G,9,G,9,F
by_player,550,2,1,9,8,16,14,F,8,F,9,G
by_player,551,2,2,5,5,7,10,G,9,G,9,F
by_player,552,2,2,6,6,12,11,F,8,F,9,G
by_player,553,2,2,4,5,9,10,G,9,G,2,F
by_player,554,1,1,5,7,11,14,G,2,F,9,G
by_player,555,5,1,13,3,22,7,F,9,G,9,F
by_player,556,0,1,2,7,6,13,G,2,F,9,G
by_player,557,4,0,8,2,16,7,F,9,G,6,F
by_player,558,3,1,7,4,10,8,F,9,G,9,F
by_player,559,4,2,8,6,12,11,F,9,G,9,F
by_player,560,3,3,6,6,9,13,G,9,G,9,F
by_player,561,3,3,9,8,16,13,F,5,G,9,F
by_player,562,1,1,3,5,7,10,G,2,F,9,G
by_player,563,6,2,12,5,19,10,F,6,F,9,G
by_player,564,3,3,10,7,17,12,F,9,G,9,F
by_player,565,4,4,8,7,12,12,draw,9,G,2,F
by_player,566,2,1,8,5,12,9,F,5,G,9,F
by_player,567,2,4,6,7,12,12,draw,7,G,9,F
by_player,568,3,3,7,8,12,15,G,9,G,4,F
by_player,569,1,2,4,4,9,11,G,9,G,6,F
by_player,570,1,0,2,1,6,6,draw,4,F,2,G
by_player,571,2,5,6,7,10,12,G,9,G,9,F
by_player,572,2,3,4,10,8,17,G,7,G,4,F
by_player,573,2,1,8,3,15,9,F,3,G,9,F
by_player,574,3,2,8,5,11,8,F,8,F,9,G
by_player,575,3,2,6,4,13,9,F,3,G,2,F
by_player,576,2,2,7,7,13,14,G,9,G,9,F
by_player,577,3,2,5,4,9,5,F,6,F,4,G
by_player,578,2,1,7,5,12,9,F,8,F,9,G
by_player,579,3,3,9,7,17,13,F,9,G,8,F
by_player,580,1,1,6,8,13,13,draw,4,F,9,G
by_player,581,3,3,8,6,13,11,F,9,G,8,F
by_player,582,2,4,7,10,13,15,G,6,F,9,G
by_player,583,5,2,9,7,14,12,F,9,G,9,F
by_player,584,5,4,11,7,19,12,F,9,G,9,F
by_player,585,2,5,7,11,11,16,G,9,G,9,F
by_player,586,1,3,1,6,4,11,G,2,F,9,G
by_player,587,3,1,11,5,19,11,F,6,F,9,G
by_player,588,3,0,9,1,15,5,F,9,G,9,F
by_player,589,5,2,11,7,16,11,F,9,G,8,F
by_player,590,3,5,8,11,13,18,G,8,F,9,G
by_player,591,2,3,5,6,9,10,G,9,G,9,F
by_player,592,4,2,9,5,14,8,F,9,G,6,F
by_player,593,5,2,13,4,20,8,F,5,G,6,F
by_player,594,2,1,4,3,12,9,F,2,F,2,G
by_player,595,4,2,7,6,12,12,draw,4,F,9,G
by_player,596,2,1,4,7,8,12,G,2,F,9,G
by_player,597,3,1,8,5,12,9,F,9,G,9,F
by_player,598,2,0,7,5,11,10,F,3,G,9,F
by_player,599,2,2,6,8,11,14,G,9,G,9,F
by_player,600,5,2,11,7,15,12,F,9,G,9,F
by_player,601,6,1,14,4,20,9,F,9,G,9,F
by_player,602,1,2,3,5,9,11,G,2,F,6,G
by_player,603,3,2,8,8,14,15,G,9,G,9,F
by_player,604,2,3,5,6,10,9,F,9,G,9,F
by_player,605,4,2,8,5,13,9,F,9,G,4,F
by_player,606,2,3,6,8,11,15,G,9,G,9,F
by_player,607,1,1,4,3,8,8,draw,9,G,9,F
by_player,608,4,5,8,7,13,10,F,9,G,9,F
by_player,609,1,1,5,8,9,15,G,2,F,9,G
by_player,610,1,4,2,10,4,15,G,9,G,9,F
by_player,611,5,3,10,8,14,14,draw,9,G,9,F
by_player,612,1,3,2,6,5,12,G,9,G,4,F
by_player,613,0,0,6,2,11,6,F,9,G,6,F
by_player,614,1,3,6,8,13,12,F,2,F,9,G
by_player,615,1,1,3,4,8,10,G,4,F,9,G
by_player,616,1,1,4,3,6,7,G,9,G,9,F
by_player,617,0,3,3,8,9,13,G,9,G,4,F
by_player,618,3,4,8,7,15,12,F,9,G,9,F
by_player,619,2,3,6,7,14,11,F,3,G,2,F
by_player,620,4,2,8,6,12,11,F,9,G,9,F
by_player,621,2,3,6,9,9,15,G,5,G,9,F
by_player,622,3,2,6,4,10,9,F,9,G,6,F
by_player,623,3,3,7,7,12,13,G,9,G,8,F
by_player,624,3,3,10,8,15,11,F,9,G,6,F
by_player,625,4,2,12,5,16,9,F,9,G,9,F
by_player,626,5,4,10,8,14,15,G,9,G,9,F
by_player,627,2,1,6,6,13,12,F,5,G,9,F
by_player,628,3,5,8,12,13,18,G,9,G,9,F
by_player,629,3,4,7,10,13,17,G,6,F,6,G
by_player,630,1,1,3,3,9,7,F,2,F,2,G
by_player,631,2,2,4,5,9,9,draw,6,F,4,G
by_player,632,3,3,7,7,9,13,G,9,G,9,F
by_player,633,2,1,9,6,17,12,F,2,F,9,G
by_player,634,5,4,9,8,12,12,draw,9,G,6,F
by_player,635,1,5,2,9,3,17,G,9,G,9,F
by_player,636,4,3,9,9,14,14,draw,9,G,8,F
by_player,637,3,1,11,4,17,9,F,6,F,9,G
by_player,638,3,1,7,4,11,8,F,5,G,9,F
by_player,639,3,3,7,5,10,8,F,8,F,8,G
by_player,640,3,5,7,9,11,12,G,9,G,9,F
by_player,641,3,2,6,5,13,9,F,4,F,4,G
by_player,642,4,2,8,4,11,9,F,9,G,9,F
by_player,643,6,2,11,8,18,13,F,9,G,9,F
by_player,644,2,4,7,7,11,14,G,9,G,9,F
by_player,645,2,4,6,9,10,15,G,6,F,2,G
by_player,646,0,2,0,3,4,8,G,7,G,2,F
by_player,647,2,4,5,10,11,18,G,6,F,9,G
by_player,648,3,3,12,6,18,11,F,9,G,9,F
by_player,649,1,1,7,6,14,11,F,9,G,9,F
by_player,650,3,2,8,4,13,10,F,9,G,4,F
by_player,651,4,3,9,7,15,14,F,9,G,9,F
by_player,652,0,1,5,4,6,8,G,2,F,9,G
by_player,653,2,1,5,3,15,9,F,2,F,2,G
by_player,654,4,2,9,5,15,9,F,7,G,9,F
by_player,655,2,2,6,6,14,13,F,8,F,4,G
by_player,656,4,3,9,5,17,10,F,9,G,2,F
by_player,657,4,1,10,6,17,11,F,7,G,9,F
by_player,658,2,4,5,8,7,12,G,9,G,9,F
by_player,659,2,3,6,6,11,12,G,4,F,9,G
by_player,660,3,4,7,8,15,12,F,9,G,4,F
by_player,661,1,2,3,5,5,7,G,2,F,8,G
by_player,662,1,3,5,6,10,11,G,5,G,9,F
by_player,663,4,4,7,9,9,16,G,6,F,8,G
by_player,664,2,3,6,8,11,13,G,9,G,9,F
by_player,665,1,1,6,6,10,12,G,2,F,9,G
by_player,666,2,4,6,9,11,16,G,9,G,9,F
by_player,667,4,3,10,8,17,13,F,9,G,9,F
by_player,668,3,4,8,7,15,12,F,9,G,9,F
by_player,669,2,2,4,4,6,10,G,9,G,2,F
by_player,670,4,2,11,5,18,10,F,7,G,9,F
by_player,671,4,2,9,4,15,9,F,5,G,8,F
by_player,672,4,3,8,8,12,14,G,7,G,9,F
by_player,673,2,0,8,2,12,4,F,5,G,9,F
by_player,674,4,2,8,7,12,13,G,4,F,9,G
by_player,675,4,3,7,7,9,12,G,9,G,9,F
by_player,676,3,1,9,6,14,12,F,8,F,9,G
by_player,677,0,1,4,4,12,7,F,2,F,4,G
by_player,678,2,2,5,6,8,11,G,5,G,8,F
by_player,679,3,3,10,8,21,13,F,4,F,8,G
by_player,680,2,2,9,5,15,9,F,7,G,9,F
by_player,681,4,2,10,4,16,8,F,7,G,9,F
by_player,682,3,2,8,6,12,11,F,9,G,9,F
by_player,683,1,2,4,5,7,9,G,9,G,9,F
by_player,684,4,3,8,6,14,13,F,9,G,2,F
by_player,685,2,1,5,5,8,11,G,4,F,9,G
by_player,686,2,3,7,9,12,17,G,8,F,9,G
by_player,687,3,1,7,4,12,8,F,5,G,9,F
by_player,688,3,5,7,12,10,19,G,7,G,9,F
by_player,689,2,1,8,5,15,11,F,5,G,9,F
by_player,690,0,0,5,5,11,8,F,2,F,9,G
by_player,691,3,3,8,9,12,15,G,9,G,6,F
by_player,692,3,2,6,5,11,12,G,7,G,2,F
by_player,693,4,1,8,5,12,9,F,9,G,9,F
by_player,694,3,3,8,7,13,9,F,5,G,9,F
by_player,695,1,1,5,7,11,14,G,4,F,9,G
by_player,696,3,3,9,6,15,11,F,9,G,9,F
by_player,697,2,2,6,8,11,15,G,7,G,9,F
by_player,698,2,3,6,6,11,12,G,9,G,9,F
by_player,699,2,2,6,6,12,10,F,6,F,9,G
by_player,700,4,1,10,6,15,11,F,9,G,9,F
by_player,701,3,2,7,5,12,9,F,9,G,9,F
by_player,702,4,2,10,5,13,8,F,9,G,6,F
by_player,703,2,2,4,7,8,11,G,6,F,9,G
by_player,704,3,2,8,5,12,9,F,5,G,9,F
by_player,705,3,5,7,10,11,16,G,8,F,8,G
by_player,706,1,0,3,5,7,11,G,2,F,9,G
by_player,707,6,3,11,8,17,15,F,7,G,2,F
by_player,708,2,3,5,9,9,15,G,6,F,9,G
by_player,709,3,3,7,9,11,15,G,4,F,9,G
by_player,710,3,5,7,10,16,15,F,6,F,2,G
by_player,711,1,2,8,5,12,10,F,7,G,9,F
by_player,712,1,1,7,4,15,10,F,2,F,9,G
by_player,713,2,1,5,4,9,8,F,5,G,9,F
by_player,714,2,1,7,5,13,11,F,5,G,4,F
by_player,715,2,3,5,7,11,13,G,9,G,2,F
by_player,716,3,4,9,9,15,13,F,9,G,9,F
by_player,717,2,1,5,2,8,7,F,9,G,2,F
by_player,718,2,4,4,7,6,12,G,9,G,9,F
by_player,719,2,0,8,4,14,8,F,5,G,9,F
by_player,720,5,5,12,10,18,15,F,9,G,9,F
by_player,721,2,3,5,4,9,7,F,9,G,8,F
by_player,722,2,3,7,7,11,12,G,7,G,9,F
by_player,723,5,3,9,8,13,15,G,9,G,8,F
by_player,724,2,1,10,4,17,8,F,3,G,8,F
by_player,725,2,2,6,6,9,12,G,9,G,9,F
by_player,726,1,1,4,4,10,9,F,2,F,4,G
by_player,727,3,4,8,10,11,16,G,6,F,9,G
by_player,728,4,2,9,4,14,8,F,9,G,9,F
by_player,729,1,3,4,7,11,14,G,9,G,2,F
by_player,730,3,4,10,10,17,18,G,9,G,9,F
by_player,731,3,2,8,4,15,7,F,7,G,9,F
by_player,732,2,3,6,7,12,13,G,9,G,9,F
by_player,733,3,1,9,5,14,11,F,5,G,8,F
by_player,734,2,3,8,8,16,16,draw,3,G,9,F
by_player,735,3,2,10,8,15,13,F,9,G,9,F
by_player,736,1,0,3,3,8,6,F,2,F,6,G
by_player,737,3,4,8,9,14,13,F,9,G,9,F
by_player,738,4,1,7,5,9,11,G,7,G,8,F
by_player,739,4,4,8,8,12,11,F,9,G,9,F
by_player,740,6,2,11,6,15,9,F,9,G,9,F
by_player,741,0,3,3,8,5,14,G,5,G,8,F
by_player,742,4,4,7,9,11,16,G,9,G,9,F
by_player,743,4,5,9,10,15,14,F,7,G,9,F
by_player,744,3,6,7,12,11,18,G,9,G,4,F
by_player,745,3,2,8,6,11,13,G,9,G,4,F
by_player,746,3,2,9,7,14,14,draw,9,G,4,F
by_player,747,3,1,10,4,16,10,F,3,G,9,F
by_player,748,3,4,8,8,14,12,F,9,G,9,F
by_player,749,1,2,6,8,13,15,G,2,F,9,G
by_player,750,4,1,8,6,11,12,G,9,G,9,F
by_player,751,4,4,8,7,12,14,G,9,G,9,F
by_player,752,1,1,6,5,13,11,F,2,F,9,G
by_player,753,4,3,10,7,17,12,F,8,F,4,G
by_player,754,0,0,0,2,3,7,G,2,F,2,G
by_player,755,4,3,9,7,15,13,F,9,G,2,F
by_player,756,1,3,8,8,18,14,F,5,G,9,F
by_player,757,2,4,6,10,14,15,G,9,G,9,F
by_player,758,3,3,10,7,15,12,F,9,G,9,F
by_player,759,2,2,5,7,11,11,draw,6,F,4,G
by_player,760,0,1,3,5,6,11,G,3,G,8,F
by_player,761,3,2,7,6,11,12,G,8,F,9,G
by_player,762,6,4,11,9,18,16,F,9,G,8,F
by_player,763,2,1,9,4,18,10,F,3,G,9,F
by_player,764,5,0,10,3,16,8,F,9,G,9,F
by_player,765,3,3,7,6,10,9,F,9,G,9,F
by_player,766,3,1,6,3,10,8,F,9,G,2,F
by_player,767,5,3,10,7,16,13,F,9,G,9,F
by_player,768,5,2,10,5,14,9,F,9,G,2,F
by_player,769,3,1,8,2,16,6,F,5,G,8,F
by_player,770,3,1,8,5,13,9,F,9,G,9,F
by_player,771,3,3,7,5,11,8,F,9,G,9,F
by_player,772,2,0,5,2,10,8,F,3,G,9,F
by_player,773,2,3,6,8,12,14,G,9,G,6,F
by_player,774,2,2,11,5,20,10,F,9,G,9,F
by_player,775,5,4,9,8,16,14,F,8,F,9,G
by_player,776,2,2,6,7,12,14,G,3,G,4,F
by_player,777,3,2,7,4,14,9,F,9,G,9,F
by_player,778,1,2,3,5,5,7,G,9,G,9,F
by_player,779,2,2,6,8,13,15,G,2,F,9,G
by_player,780,1,1,7,4,13,9,F,2,F,8,G
by_player,781,6,4,13,10,21,18,F,9,G,9,F
by_player,782,3,5,8,11,13,17,G,9,G,9,F
by_player,783,3,2,7,7,11,12,G,5,G,9,F
by_player,784,1,0,7,4,14,10,F,3,G,9,F
by_player,785,2,3,5,7,9,14,G,9,G,9,F
by_player,786,2,3,6,8,10,13,G,9,G,9,F
by_player,787,3,4,10,9,16,14,F,9,G,9,F
by_player,788,1,1,7,4,13,8,F,2,F,9,G
by_player,789,3,1,8,4,13,10,F,5,G,9,F
by_player,790,2,3,7,8,11,14,G,9,G,9,F
by_player,791,3,4,9,9,17,15,F,6,F,9,G
by_player,792,2,4,6,7,10,8,F,9,G,9,F
by_player,793,2,1,3,3,6,6,draw,9,G,6,F
by_player,794,2,2,5,5,10,9,F,4,F,9,G
by_player,795,2,0,3,2,5,5,draw,5,G,4,F
by_player,796,2,1,5,3,11,9,F,2,F,2,G
by_player,797,1,2,5,5,10,11,G,6,F,6,G
by_player,798,2,2,4,3,7,3,F,9,G,9,F
by_player,799,2,2,8,6,15,12,F,5,G,9,F
by_player,800,1,0,10,5,17,12,F,2,F,9,G
by_player,801,5,2,11,7,15,12,F,6,F,9,G
by_player,802,2,2,5,4,9,8,F,9,G,2,F
by_player,803,2,4,4,7,6,11,G,9,G,9,F
by_player,804,5,5,9,10,14,16,G,9,G,6,F
by_player,805,1,3,5,7,10,13,G,5,G,9,F
by_player,806,1,3,6,7,13,14,G,2,F,9,G
by_player,807,3,2,10,6,16,10,F,9,G,9,F
by_player,808,2,1,8,6,15,10,F,3,G,9,F
by_player,809,1,2,4,5,8,10,G,9,G,9,F
by_player,810,4,2,8,8,14,14,draw,5,G,9,F
by_player,811,1,3,5,7,10,12,G,2,F,6,G
by_player,812,1,3,4,7,7,13,G,9,G,9,F
by_player,813,2,2,8,9,14,17,G,3,G,9,F
by_player,814,3,3,5,8,10,15,G,9,G,9,F
by_player,815,2,2,5,7,9,13,G,9,G,9,F
by_player,816,1,0,6,2,13,6,F,3,G,6,F
by_player,817,3,3,7,8,14,13,F,5,G,9,F
by_player,818,4,0,9,3,14,9,F,9,G,9,F
by_player,819,4,4,8,10,13,14,G,9,G,6,F
by_player,820,4,3,10,7,15,12,F,9,G,9,F
by_player,821,1,0,3,5,9,12,G,2,F,9,G
by_player,822,3,5,7,11,12,17,G,7,G,4,F
by_player,823,6,3,11,6,16,9,F,9,G,9,F
by_player,824,1,3,8,10,16,16,draw,3,G,9,F
by_player,825,4,0,9,4,15,5,F,5,G,8,F
by_player,826,3,4,7,9,13,16,G,9,G,2,F
by_player,827,2,4,5,6,9,8,F,9,G,9,F
by_player,828,3,4,8,8,13,14,G,7,G,9,F
by_player,829,1,2,5,6,12,9,F,4,F,9,G
by_player,830,0,0,3,5,7,9,G,2,F,9,G
by_player,831,2,6,4,12,7,19,G,9,G,2,F
by_player,832,1,2,5,10,9,17,G,9,G,9,F
by_player,833,3,4,7,8,11,13,G,9,G,9,F
by_player,834,3,0,10,2,16,5,F,9,G,9,F
by_player,835,3,0,6,4,9,7,F,9,G,9,F
by_player,836,1,2,4,5,8,12,G,9,G,2,F
by_player,837,3,3,9,5,15,7,F,9,G,9,F
by_player,838,0,0,4,5,10,10,draw,2,F,9,G
by_player,839,3,3,7,6,11,11,draw,9,G,9,F
by_player,840,4,5,10,8,14,12,F,7,G,9,F
by_player,841,5,2,10,8,15,14,F,9,G,9,F
by_player,842,3,4,8,6,14,14,draw,9,G,9,F
by_player,843,3,4,8,7,13,12,F,9,G,9,F
by_player,844,2,2,5,4,11,7,F,3,G,2,F
by_player,845,1,1,6,4,11,11,draw,4,F,9,G
by_player,846,4,3,9,6,14,9,F,9,G,9,F
by_player,847,1,2,6,7,12,11,F,3,G,9,F
by_player,848,3,1,6,3,11,5,F,5,G,9,F
by_player,849,1,0,3,1,8,4,F,9,G,9,F
by_player,850,3,5,8,11,13,19,G,9,G,9,F
by_player,851,3,1,7,7,13,13,draw,5,G,8,F
by_player,852,2,3,6,6,10,12,G,9,G,9,F
by_player,853,1,2,5,8,9,12,G,5,G,6,F
by_player,854,4,1,7,6,12,11,F,9,G,9,F
by_player,855,1,2,3,4,7,11,G,6,F,2,G
by_player,856,4,1,7,4,11,9,F,9,G,9,F
by_player,857,3,2,8,8,14,14,draw,4,F,9,G
by_player,858,2,1,5,3,10,9,F,3,G,2,F
by_player,859,2,2,7,7,14,15,G,5,G,9,F
by_player,860,3,0,6,3,9,7,F,5,G,8,F
by_player,861,4,4,11,8,17,13,F,8,F,9,G
by_player,862,4,1,9,3,13,7,F,9,G,9,F
by_player,863,2,1,4,5,9,10,G,3,G,9,F
by_player,864,1,2,5,7,15,15,draw,8,F,8,G
by_player,865,1,3,5,6,10,12,G,9,G,9,F
by_player,866,1,3,3,4,4,8,G,9,G,9,F
by_player,867,3,1,7,5,14,11,F,2,F,6,G
by_player,868,2,0,6,3,12,9,F,5,G,9,F
by_player,869,3,2,7,5,12,10,F,9,G,9,F
by_player,870,1,1,6,6,12,10,F,2,F,9,G
by_player,871,0,1,3,6,9,12,G,4,F,8,G
by_player,872,2,1,5,5,8,10,G,2,F,9,G
by_player,873,3,3,8,8,12,13,G,6,F,9,G
by_player,874,5,3,10,8,16,15,F,7,G,9,F
by_player,875,4,4,9,8,15,14,F,9,G,9,F
by_player,876,1,0,7,3,12,6,F,2,F,9,G
by_player,877,3,2,8,6,15,13,F,5,G,9,F
by_player,878,4,3,8,6,15,12,F,9,G,6,F
by_player,879,4,5,9,10,13,14,G,9,G,4,F
by_player,880,3,4,8,10,12,15,G,9,G,9,F
by_player,881,3,3,8,6,12,12,draw,9,G,9,F
by_player,882,3,3,7,9,12,16,G,4,F,6,G
by_player,883,2,1,8,6,13,12,F,8,F,9,G
by_player,884,3,3,7,7,11,11,draw,9,G,9,F
by_player,885,1,1,6,7,11,13,G,2,F,9,G
by_player,886,3,0,9,3,18,7,F,5,G,9,F
by_player,887,4,1,8,4,13,9,F,8,F,8,G
by_player,888,1,2,6,8,9,14,G,9,G,9,F
by_player,889,2,3,6,6,10,10,draw,9,G,9,F
by_player,890,1,0,6,4,8,10,G,2,F,9,G
by_player,891,4,1,8,4,14,6,F,9,G,8,F
by_player,892,3,0,8,5,13,8,F,4,F,9,G
by_player,893,2,2,6,5,11,10,F,3,G,4,F
by_player,894,3,3,6,6,13,11,F,9,G,4,F
by_player,895,2,3,6,9,11,16,G,8,F,4,G
by_player,896,1,3,5,9,11,15,G,9,G,9,F
by_player,897,4,3,8,7,13,12,F,5,G,4,F
by_player,898,3,1,7,3,12,6,F,9,G,9,F
by_player,899,4,3,9,6,14,10,F,9,G,9,F
by_player,900,5,2,9,8,15,14,F,8,F,9,G
by_player,901,1,1,4,5,9,13,G,2,F,9,G
by_player,902,1,0,6,3,13,10,F,2,F,9,G
by_player,903,2,2,4,3,7,6,F,4,F,6,G
by_player,904,1,0,3,2,8,8,draw,4,F,4,G
by_player,905,2,0,7,2,12,7,F,3,G,9,F
by_player,906,3,2,9,5,16,9,F,9,G,9,F
by_player,907,5,1,9,3,13,7,F,5,G,4,F
by_player,908,1,2,5,8,10,14,G,4,F,9,G
by_player,909,0,2,2,4,5,8,G,9,G,9,F
by_player,910,3,3,7,7,11,11,draw,8,F,9,G
by_player,911,0,3,0,6,2,12,G,9,G,8,F
by_player,912,4,4,8,11,14,18,G,5,G,9,F
by_player,913,6,4,12,8,17,12,F,9,G,9,F
by_player,914,3,3,10,7,17,13,F,7,G,9,F
by_player,915,2,2,9,5,14,9,F,3,G,9,F
by_player,916,1,1,3,3,8,8,draw,3,G,4,F
by_player,917,4,2,9,6,15,12,F,8,F,9,G
by_player,918,1,0,4,1,7,7,draw,9,G,9,F
by_player,919,3,2,6,6,10,12,G,6,F,2,G
by_player,920,3,4,8,8,13,9,F,8,F,9,G
by_player,921,2,4,6,7,10,12,G,9,G,9,F
by_player,922,4,3,9,7,14,13,F,5,G,4,F
by_player,923,4,4,10,9,15,14,F,9,G,4,F
by_player,924,2,3,5,8,10,13,G,9,G,9,F
by_player,925,2,2,8,6,13,11,F,4,F,9,G
by_player,926,4,1,10,4,17,10,F,9,G,9,F
by_player,927,2,5,8,9,14,13,F,9,G,9,F
by_player,928,0,1,4,3,6,7,G,9,G,9,F
by_player,929,3,3,8,9,14,16,G,6,F,9,G
by_player,930,2,2,8,6,14,12,F,9,G,9,F
by_player,931,4,2,12,6,19,12,F,9,G,9,F
by_player,932,4,3,8,9,13,17,G,9,G,9,F
by_player,933,2,5,6,11,13,17,G,9,G,4,F
by_player,934,2,2,6,6,14,11,F,4,F,9,G
by_player,935,2,2,8,6,16,11,F,3,G,9,F
by_player,936,3,4,7,8,13,13,draw,9,G,2,F
by_player,937,2,3,7,9,14,15,G,8,F,6,G
by_player,938,4,2,10,7,16,13,F,6,F,8,G
by_player,939,2,0,7,4,13,8,F,3,G,9,F
by_player,940,2,2,4,6,9,12,G,7,G,2,F
by_player,941,2,0,7,3,13,8,F,9,G,6,F
by_player,942,2,4,5,7,9,11,G,9,G,9,F
by_player,943,2,3,5,7,9,13,G,9,G,9,F
by_player,944,3,4,5,8,9,13,G,9,G,4,F
by_player,945,2,1,6,2,11,7,F,2,F,9,G
by_player,946,2,1,8,5,13,14,G,9,G,8,F
by_player,947,2,2,5,5,10,11,G,3,G,2,F
by_player,948,3,2,7,5,12,10,F,9,G,9,F
by_player,949,4,3,9,6,13,10,F,9,G,4,F
by_player,950,4,0,7,4,9,10,G,9,G,9,F
by_player,951,2,1,5,4,7,8,G,3,G,9,F
by_player,952,1,1,5,6,11,13,G,2,F,9,G
by_player,953,5,1,10,2,14,8,F,9,G,2,F
by_player,954,3,3,7,4,12,7,F,9,G,9,F
by_player,955,3,3,5,8,11,15,G,9,G,2,F
by_player,956,6,3,10,6,13,9,F,9,G,9,F
by_player,957,4,2,11,5,18,11,F,9,G,9,F
by_player,958,7,1,14,3,21,7,F,9,G,9,F
by_player,959,4,4,6,8,10,13,G,6,F,9,G
by_player,960,3,1,5,3,9,9,draw,9,G,4,F
by_player,961,1,3,2,7,7,12,G,6,F,4,G
by_player,962,1,3,6,11,13,18,G,2,F,9,G
by_player,963,3,0,10,6,17,11,F,3,G,9,F
by_player,964,3,3,6,6,9,12,G,9,G,9,F
by_player,965,1,5,2,10,6,15,G,9,G,9,F
by_player,966,0,1,2,4,8,11,G,5,G,2,F
by_player,967,1,1,5,5,11,12,G,3,G,6,F
by_player,968,3,2,10,6,17,13,F,5,G,9,F
by_player,969,2,2,6,3,11,7,F,9,G,9,F
by_player,970,4,3,9,8,13,11,F,9,G,8,F
by_player,971,2,4,4,8,7,12,G,9,G,2,F
by_player,972,2,1,6,5,12,10,F,2,F,4,G
by_player,973,4,5,9,11,13,18,G,9,G,9,F
by_player,974,3,1,9,6,16,15,F,2,F,9,G
by_player,975,1,1,3,3,7,6,F,2,F,2,G
by_player,976,3,4,6,9,11,13,G,9,G,8,F
by_player,977,0,1,3,4,6,8,G,2,F,9,G
by_player,978,0,1,3,3,9,7,F,2,F,6,G
by_player,979,5,1,10,2,14,3,F,9,G,4,F
by_player,980,2,3,4,8,7,13,G,9,G,6,F
by_player,981,4,2,10,5,15,11,F,5,G,9,F
by_player,982,2,1,8,7,15,12,F,4,F,9,G
by_player,983,2,1,6,7,11,14,G,4,F,9,G
by_player,984,2,3,7,6,14,10,F,9,G,9,F
by_player,985,2,1,4,2,6,7,G,9,G,2,F
by_player,986,2,2,5,6,8,12,G,4,F,2,G
by_player,987,0,2,1,6,4,12,G,3,G,4,F
by_player,988,1,1,7,3,18,8,F,2,F,8,G
by_player,989,8,2,16,6,21,14,F,9,G,4,F
by_player,990,2,1,8,7,13,14,G,7,G,9,F
by_player,991,2,3,3,7,7,9,G,9,G,4,F
by_player,992,3,3,6,6,10,11,G,9,G,9,F
by_player,993,1,1,4,6,8,11,G,9,G,9,F
by_player,994,3,4,8,9,13,14,G,9,G,9,F
by_player,995,3,2,7,7,13,14,G,9,G,9,F
by_player,996,2,3,5,5,9,7,F,4,F,4,G
by_player,997,2,1,5,4,10,11,G,6,F,9,G
by_player,998,3,4,8,10,16,17,G,6,F,9,G
by_player,999,4,3,9,7,14,12,F,9,G,6,F
by_player,1000,1,1,4,5,9,8,F,7,G,8,F
fixed,1,2,1,6,3,10,8,F,8,F,8,G
fixed,2,4,4,9,9,14,14,draw,8,F,8,G
fixed,3,2,1,8,3,13,7,F,8,F,8,G
fixed,4,4,2,10,3,15,5,F,8,F,8,G
fixed,5,1,2,3,6,6,9,G,8,F,8,G
fixed,6,2,1,9,4,16,9,F,8,F,8,G
fixed,7,4,3,8,6,13,10,F,8,F,8,G
fixed,8,3,3,6,8,12,14,G,8,F,8,G
fixed,9,0,1,1,2,5,5,draw,8,F,8,G
fixed,10,3,3,8,8,13,15,G,8,F,8,G
fixed,11,1,2,5,6,10,10,draw,8,F,8,G
fixed,12,5,2,11,6,16,12,F,8,F,8,G
fixed,13,1,2,7,4,14,7,F,8,F,8,G
fixed,14,3,2,8,6,14,11,F,8,F,8,G
fixed,15,3,3,8,8,12,12,draw,8,F,8,G
fixed,16,3,4,8,8,11,12,G,8,F,8,G
fixed,17,2,1,8,3,15,8,F,8,F,8,G
fixed,18,4,2,7,4,13,10,F,8,F,8,G
fixed,19,2,3,7,8,13,14,G,8,F,8,G
fixed,20,3,1,7,6,11,12,G,8,F,8,G
fixed,21,3,3,8,6,14,9,F,8,F,8,G
fixed,22,4,4,8,10,13,15,G,8,F,8,G
fixed,23,3,5,5,10,10,14,G,8,F,8,G
fixed,24,0,3,2,8,6,13,G,8,F,8,G
fixed,25,2,5,6,10,12,14,G,8,F,8,G
fixed,26,0,2,3,6,9,10,G,8,F,8,G
fixed,27,1,0,5,5,11,13,G,8,F,8,G
fixed,28,2,3,6,6,11,10,F,8,F,8,G
fixed,29,3,4,7,10,11,17,G,8,F,8,G
fixed,30,3,2,8,6,13,9,F,8,F,8,G
fixed,31,2,2,5,6,9,11,G,8,F,8,G
fixed,32,3,4,6,9,12,15,G,8,F,8,G
fixed,33,5,4,10,10,17,17,draw,8,F,8,G
fixed,34,5,3,10,7,14,9,F,8,F,8,G
fixed,35,2,3,4,10,8,17,G,8,F,8,G
fixed,36,2,3,5,7,8,10,G,8,F,8,G
fixed,37,5,2,10,7,15,14,F,8,F,8,G
fixed,38,2,2,4,7,7,12,G,8,F,8,G
fixed,39,2,4,5,10,8,17,G,8,F,8,G
fixed,40,4,1,10,6,17,11,F,8,F,8,G
fixed,41,3,3,8,8,14,13,F,8,F,8,G
fixed,42,3,5,5,9,8,13,G,8,F,8,G
fixed,43,4,2,8,7,13,13,draw,8,F,8,G
fixed,44,3,4,6,9,11,14,G,8,F,8,G
fixed,45,3,4,8,10,15,15,draw,8,F,8,G
fixed,46,3,2,9,4,15,11,F,8,F,8,G
fixed,47,3,2,8,6,15,12,F,8,F,8,G
fixed,48,2,2,5,8,10,15,G,8,F,8,G
fixed,49,3,2,9,6,13,11,F,8,F,8,G
fixed,50,3,3,9,7,15,13,F,8,F,8,G
fixed,51,2,1,5,6,9,12,G,8,F,8,G
fixed,52,3,3,8,8,15,16,G,8,F,8,G
fixed,53,3,3,10,8,16,14,F,8,F,8,G
fixed,54,4,4,9,9,14,15,G,8,F,8,G
fixed,55,2,2,5,7,10,12,G,8,F,8,G
fixed,56,3,3,6,8,10,12,G,8,F,8,G
fixed,57,2,3,4,9,7,15,G,8,F,8,G
fixed,58,2,3,7,7,10,13,G,8,F,8,G
fixed,59,3,2,6,8,10,13,G,8,F,8,G
fixed,60,2,3,5,6,7,12,G,8,F,8,G
fixed,61,5,6,9,12,15,19,G,8,F,8,G
fixed,62,2,2,8,7,15,13,F,8,F,8,G
fixed,63,3,3,6,7,10,13,G,8,F,8,G
fixed,64,5,4,11,9,16,16,draw,8,F,8,G
fixed,65,4,4,11,9,17,15,F,8,F,8,G
fixed,66,1,1,7,5,12,10,F,8,F,8,G
fixed,67,3,1,8,8,13,15,G,8,F,8,G
fixed,68,1,2,4,7,7,10,G,8,F,8,G
fixed,69,1,3,6,9,9,15,G,8,F,8,G
fixed,70,2,5,6,11,10,18,G,8,F,8,G
fixed,71,2,2,7,5,14,9,F,8,F,8,G
fixed,72,3,1,9,5,12,10,F,8,F,8,G
fixed,73,3,5,8,11,10,15,G,8,F,8,G
fixed,74,4,2,7,6,12,9,F,8,F,8,G
fixed,75,1,4,3,9,6,14,G,8,F,8,G
fixed,76,2,1,4,4,8,9,G,8,F,8,G
fixed,77,1,1,4,3,9,7,F,8,F,8,G
fixed,78,4,3,10,7,17,11,F,8,F,8,G
fixed,79,2,3,6,8,9,13,G,8,F,8,G
fixed,80,3,1,6,4,12,10,F,8,F,8,G
fixed,81,4,2,12,7,17,14,F,8,F,8,G
fixed,82,0,3,4,8,5,14,G,8,F,8,G
fixed,83,4,2,8,5,11,11,draw,8,F,8,G
fixed,84,2,6,7,11,11,18,G,8,F,8,G
fixed,85,3,6,6,13,11,20,G,8,F,8,G
fixed,86,2,3,5,9,10,15,G,8,F,8,G
fixed,87,2,4,7,10,13,16,G,8,F,8,G
fixed,88,2,3,6,6,12,9,F,8,F,8,G
fixed,89,5,3,11,9,16,15,F,8,F,8,G
fixed,90,2,2,5,4,9,9,draw,8,F,8,G
fixed,91,4,3,9,7,15,14,F,8,F,8,G
fixed,92,1,4,3,11,9,16,G,8,F,8,G
fixed,93,4,3,9,8,12,12,draw,8,F,8,G
fixed,94,3,3,6,9,11,15,G,8,F,8,G
fixed,95,4,4,9,9,14,13,F,8,F,8,G
fixed,96,5,4,10,10,16,17,G,8,F,8,G
fixed,97,2,5,7,10,13,15,G,8,F,8,G
fixed,98,1,3,5,7,12,14,G,8,F,8,G
fixed,99,1,4,4,9,8,16,G,8,F,8,G
fixed,100,4,2,8,5,14,9,F,8,F,8,G
fixed,101,4,4,10,10,15,15,draw,8,F,8,G
fixed,102,0,1,1,4,6,10,G,8,F,8,G
fixed,103,2,2,6,5,13,9,F,8,F,8,G
fixed,104,2,2,6,6,12,13,G,8,F,8,G
fixed,105,5,2,12,5,18,10,F,8,F,8,G
fixed,106,2,2,5,5,10,11,G,8,F,8,G
fixed,107,2,1,4,7,11,11,draw,8,F,8,G
fixed,108,2,1,5,4,9,9,draw,8,F,8,G
fixed,109,1,3,6,8,11,12,G,8,F,8,G
fixed,110,2,1,6,3,10,5,F,8,F,8,G
fixed,111,1,3,5,6,11,10,F,8,F,8,G
fixed,112,4,3,10,7,15,10,F,8,F,8,G
fixed,113,3,3,8,7,14,11,F,8,F,8,G
fixed,114,2,3,8,6,13,11,F,8,F,8,G
fixed,115,3,3,10,6,15,11,F,8,F,8,G
fixed,116,3,2,9,4,16,10,F,8,F,8,G
fixed,117,2,1,6,2,9,7,F,8,F,8,G
fixed,118,4,2,10,7,17,11,F,8,F,8,G
fixed,119,2,4,7,9,10,13,G,8,F,8,G
fixed,120,4,2,9,7,12,13,G,8,F,8,G
fixed,121,1,4,4,8,8,11,G,8,F,8,G
fixed,122,5,3,12,8,17,11,F,8,F,8,G
fixed,123,4,3,9,8,12,14,G,8,F,8,G
fixed,124,5,5,9,11,13,20,G,8,F,8,G
fixed,125,2,2,4,6,9,10,G,8,F,8,G
fixed,126,6,3,12,6,16,9,F,8,F,8,G
fixed,127,1,3,3,8,9,14,G,8,F,8,G
fixed,128,2,3,5,7,7,12,G,8,F,8,G
fixed,129,3,5,9,11,15,19,G,8,F,8,G
fixed,130,2,2,6,4,12,7,F,8,F,8,G
fixed,131,3,2,8,5,13,7,F,8,F,8,G
fixed,132,2,1,6,6,10,14,G,8,F,8,G
fixed,133,4,2,8,7,12,10,F,8,F,8,G
fixed,134,3,2,7,6,10,10,draw,8,F,8,G
fixed,135,4,3,9,6,13,12,F,8,F,8,G
fixed,136,2,3,6,9,11,16,G,8,F,8,G
fixed,137,4,6,9,12,18,17,F,8,F,8,G
fixed,138,5,5,9,11,14,16,G,8,F,8,G
fixed,139,2,2,6,6,10,11,G,8,F,8,G
fixed,140,5,4,10,9,18,16,F,8,F,8,G
fixed,141,3,3,7,7,12,10,F,8,F,8,G
fixed,142,5,2,11,7,16,12,F,8,F,8,G
fixed,143,4,4,8,11,14,18,G,8,F,8,G
fixed,144,1,2,5,5,10,7,F,8,F,8,G
fixed,145,4,2,10,6,15,11,F,8,F,8,G
fixed,146,5,4,9,7,13,10,F,8,F,8,G
fixed,147,3,4,6,8,12,12,draw,8,F,8,G
fixed,148,1,3,6,8,9,16,G,8,F,8,G
fixed,149,3,2,8,3,13,6,F,8,F,8,G
fixed,150,5,2,8,7,14,11,F,8,F,8,G
fixed,151,2,1,5,3,8,7,F,8,F,8,G
fixed,152,3,3,7,8,11,16,G,8,F,8,G
fixed,153,3,2,5,5,8,10,G,8,F,8,G
fixed,154,4,4,10,8,18,14,F,8,F,8,G
fixed,155,5,3,12,8,19,14,F,8,F,8,G
fixed,156,2,3,6,7,13,13,draw,8,F,8,G
fixed,157,0,3,1,8,6,15,G,8,F,8,G
fixed,158,2,2,5,9,11,16,G,8,F,8,G
fixed,159,2,2,4,7,8,14,G,8,F,8,G
fixed,160,3,3,7,6,11,12,G,8,F,8,G
fixed,161,1,4,4,8,8,12,G,8,F,8,G
fixed,162,4,4,9,10,13,18,G,8,F,8,G
fixed,163,3,3,6,9,10,14,G,8,F,8,G
fixed,164,2,2,4,5,7,9,G,8,F,8,G
fixed,165,3,2,8,5,14,10,F,8,F,8,G
fixed,166,3,4,7,9,13,15,G,8,F,8,G
fixed,167,4,4,10,11,17,19,G,8,F,8,G
fixed,168,1,2,4,6,7,10,G,8,F,8,G
fixed,169,1,2,6,8,11,13,G,8,F,8,G
fixed,170,4,2,11,5,17,9,F,8,F,8,G
fixed,171,3,3,7,9,13,16,G,8,F,8,G
fixed,172,4,3,8,8,14,12,F,8,F,8,G
fixed,173,4,1,9,4,14,8,F,8,F,8,G
fixed,174,3,4,5,7,10,11,G,8,F,8,G
fixed,175,4,2,10,6,17,14,F,8,F,8,G
fixed,176,4,5,9,11,15,15,draw,8,F,8,G
fixed,177,3,5,10,12,17,19,G,8,F,8,G
fixed,178,1,2,5,7,9,11,G,8,F,8,G
fixed,179,3,3,7,6,14,9,F,8,F,8,G
fixed,180,2,3,6,6,11,9,F,8,F,8,G
fixed,181,3,3,8,9,13,16,G,8,F,8,G
fixed,182,2,3,9,8,14,13,F,8,F,8,G
fixed,183,2,2,5,6,9,10,G,8,F,8,G
fixed,184,2,4,5,8,11,14,G,8,F,8,G
fixed,185,4,1,8,3,13,6,F,8,F,8,G
fixed,186,4,2,7,6,12,11,F,8,F,8,G
fixed,187,1,1,5,4,11,9,F,8,F,8,G
fixed,188,2,1,5,4,9,6,F,8,F,8,G
fixed,189,5,2,11,8,16,13,F,8,F,8,G
fixed,190,3,2,9,7,15,13,F,8,F,8,G
fixed,191,1,4,4,9,9,17,G,8,F,8,G
fixed,192,3,2,6,5,9,9,draw,8,F,8,G
fixed,193,3,4,7,10,11,18,G,8,F,8,G
fixed,194,4,4,9,9,16,15,F,8,F,8,G
fixed,195,3,3,7,10,10,16,G,8,F,8,G
fixed,196,1,3,3,6,7,10,G,8,F,8,G
fixed,197,2,4,7,8,14,14,draw,8,F,8,G
fixed,198,1,5,5,11,9,17,G,8,F,8,G
fixed,199,3,2,6,6,11,9,F,8,F,8,G
fixed,200,2,5,6,9,11,14,G,8,F,8,G
fixed,201,3,3,9,6,14,10,F,8,F,8,G
fixed,202,2,2,5,4,10,7,F,8,F,8,G
fixed,203,5,5,10,11,15,18,G,8,F,8,G
fixed,204,3,2,7,4,13,6,F,8,F,8,G
fixed,205,4,2,8,5,13,8,F,8,F,8,G
fixed,206,3,1,8,5,13,10,F,8,F,8,G
fixed,207,3,3,8,8,12,15,G,8,F,8,G
fixed,208,3,4,9,7,15,11,F,8,F,8,G
fixed,209,1,3,3,5,10,10,draw,8,F,8,G
fixed,210,3,3,6,7,14,13,F,8,F,8,G
fixed,211,3,2,7,5,9,8,F,8,F,8,G
fixed,212,5,3,11,6,16,11,F,8,F,8,G
fixed,213,2,2,5,7,9,14,G,8,F,8,G
fixed,214,3,3,8,8,13,14,G,8,F,8,G
fixed,215,2,2,4,7,6,11,G,8,F,8,G
fixed,216,3,1,7,5,11,10,F,8,F,8,G
fixed,217,2,1,7,4,12,8,F,8,F,8,G
fixed,218,6,3,11,7,15,10,F,8,F,8,G
fixed,219,3,1,8,4,11,8,F,8,F,8,G
fixed,220,6,2,11,7,18,14,F,8,F,8,G
fixed,221,6,2,13,7,20,14,F,8,F,8,G
fixed,222,1,4,4,9,9,12,G,8,F,8,G
fixed,223,2,5,7,10,14,16,G,8,F,8,G
fixed,224,4,3,7,8,12,14,G,8,F,8,G
fixed,225,6,2,14,5,23,10,F,8,F,8,G
fixed,226,1,3,6,7,12,14,G,8,F,8,G
fixed,227,3,3,11,7,18,14,F,8,F,8,G
fixed,228,1,4,4,9,8,15,G,8,F,8,G
fixed,229,1,5,3,9,8,13,G,8,F,8,G
fixed,230,1,2,4,6,11,12,G,8,F,8,G
fixed,231,4,5,8,12,12,18,G,8,F,8,G
fixed,232,2,2,4,4,9,6,F,8,F,8,G
fixed,233,2,2,7,7,13,14,G,8,F,8,G
fixed,234,2,4,8,6,13,11,F,8,F,8,G
fixed,235,2,3,4,6,9,10,G,8,F,8,G
fixed,236,3,4,5,8,9,12,G,8,F,8,G
fixed,237,4,3,10,7,16,13,F,8,F,8,G
fixed,238,3,3,6,8,10,12,G,8,F,8,G
fixed,239,2,1,5,6,9,10,G,8,F,8,G
fixed,240,2,1,6,5,8,9,G,8,F,8,G
fixed,241,4,1,8,5,13,10,F,8,F,8,G
fixed,242,2,4,3,9,8,13,G,8,F,8,G
fixed,243,2,3,7,8,13,13,draw,8,F,8,G
fixed,244,2,3,4,8,9,13,G,8,F,8,G
fixed,245,6,2,12,6,19,9,F,8,F,8,G
fixed,246,2,4,7,10,14,18,G,8,F,8,G
fixed,247,4,5,9,9,14,15,G,8,F,8,G
fixed,248,3,2,5,5,10,11,G,8,F,8,G
fixed,249,6,6,10,11,15,18,G,8,F,8,G
fixed,250,4,3,10,8,15,12,F,8,F,8,G
fixed,251,4,5,9,10,15,15,draw,8,F,8,G
fixed,252,2,2,7,5,14,11,F,8,F,8,G
fixed,253,2,1,8,7,14,15,G,8,F,8,G
fixed,254,3,2,7,6,11,9,F,8,F,8,G
fixed,255,2,4,4,9,8,13,G,8,F,8,G
fixed,256,2,3,6,8,13,14,G,8,F,8,G
fixed,257,2,3,6,5,12,7,F,8,F,8,G
fixed,258,3,3,6,7,10,12,G,8,F,8,G
fixed,259,3,3,8,9,15,15,draw,8,F,8,G
fixed,260,3,1,8,4,13,8,F,8,F,8,G
fixed,261,2,5,7,10,12,15,G,8,F,8,G
fixed,262,4,4,11,10,17,15,F,8,F,8,G
fixed,263,5,4,8,6,13,9,F,8,F,8,G
fixed,264,1,2,3,6,6,12,G,8,F,8,G
fixed,265,2,5,5,8,10,13,G,8,F,8,G
fixed,266,2,4,5,9,9,16,G,8,F,8,G
fixed,267,1,3,3,7,7,13,G,8,F,8,G
fixed,268,4,4,8,8,12,14,G,8,F,8,G
fixed,269,5,1,11,7,17,15,F,8,F,8,G
fixed,270,4,3,10,8,15,12,F,8,F,8,G
fixed,271,4,2,12,6,18,12,F,8,F,8,G
fixed,272,2,5,5,9,10,12,G,8,F,8,G
fixed,273,2,3,6,7,9,11,G,8,F,8,G
fixed,274,1,3,5,7,9,13,G,8,F,8,G
fixed,275,3,3,7,5,12,9,F,8,F,8,G
fixed,276,5,5,9,11,14,16,G,8,F,8,G
fixed,277,3,3,8,8,12,13,G,8,F,8,G
fixed,278,3,5,8,10,13,15,G,8,F,8,G
fixed,279,4,2,8,6,13,12,F,8,F,8,G
fixed,280,4,4,9,8,15,14,F,8,F,8,G
fixed,281,6,3,11,7,17,11,F,8,F,8,G
fixed,282,3,4,7,7,12,9,F,8,F,8,G
fixed,283,3,1,8,3,14,9,F,8,F,8,G
fixed,284,1,1,5,5,13,9,F,8,F,8,G
fixed,285,4,5,11,12,16,16,draw,8,F,8,G
fixed,286,4,3,10,7,16,11,F,8,F,8,G
fixed,287,3,2,8,6,14,12,F,8,F,8,G
fixed,288,3,1,6,7,10,13,G,8,F,8,G
fixed,289,2,4,4,11,9,18,G,8,F,8,G
fixed,290,4,3,9,8,14,15,G,8,F,8,G
fixed,291,3,3,6,8,9,12,G,8,F,8,G
fixed,292,1,3,3,7,8,13,G,8,F,8,G
fixed,293,3,3,6,9,12,13,G,8,F,8,G
fixed,294,5,2,9,6,12,11,F,8,F,8,G
fixed,295,2,6,6,13,13,19,G,8,F,8,G
fixed,296,2,4,6,10,10,16,G,8,F,8,G
fixed,297,2,3,6,8,12,17,G,8,F,8,G
fixed,298,3,3,10,7,18,11,F,8,F,8,G
fixed,299,2,4,6,11,11,17,G,8,F,8,G
fixed,300,3,2,9,6,14,11,F,8,F,8,G
fixed,301,4,4,8,8,14,15,G,8,F,8,G
fixed,302,4,1,10,3,17,7,F,8,F,8,G
fixed,303,5,3,11,8,16,13,F,8,F,8,G
fixed,304,2,2,4,6,9,13,G,8,F,8,G
fixed,305,4,2,8,4,13,9,F,8,F,8,G
fixed,306,4,4,8,8,12,12,draw,8,F,8,G
fixed,307,2,4,6,8,10,13,G,8,F,8,G
fixed,308,3,4,7,9,14,14,draw,8,F,8,G
fixed,309,2,1,7,5,14,9,F,8,F,8,G
fixed,310,2,3,5,7,12,11,F,8,F,8,G
fixed,311,3,2,6,4,11,9,F,8,F,8,G
fixed,312,3,3,7,5,12,9,F,8,F,8,G
fixed,313,3,4,6,10,12,15,G,8,F,8,G
fixed,314,4,4,9,8,14,14,draw,8,F,8,G
fixed,315,5,2,11,8,18,14,F,8,F,8,G
fixed,316,2,1,6,4,11,7,F,8,F,8,G
fixed,317,2,1,7,5,13,10,F,8,F,8,G
fixed,318,1,4,2,7,7,10,G,8,F,8,G
fixed,319,2,2,5,6,11,11,draw,8,F,8,G
fixed,320,3,1,8,6,15,13,F,8,F,8,G
fixed,321,3,4,7,7,11,10,F,8,F,8,G
fixed,322,1,1,5,5,10,10,draw,8,F,8,G
fixed,323,3,3,7,9,13,17,G,8,F,8,G
fixed,324,5,3,9,9,12,14,G,8,F,8,G
fixed,325,2,3,5,8,11,13,G,8,F,8,G
fixed,326,4,3,10,7,16,12,F,8,F,8,G
fixed,327,2,1,5,4,8,7,F,8,F,8,G
fixed,328,4,3,11,7,17,12,F,8,F,8,G
fixed,329,2,5,4,9,7,13,G,8,F,8,G
fixed,330,3,3,9,5,14,11,F,8,F,8,G
fixed,331,3,3,7,6,14,10,F,8,F,8,G
fixed,332,2,2,7,8,11,16,G,8,F,8,G
fixed,333,2,1,7,4,13,10,F,8,F,8,G
fixed,334,2,3,5,6,9,8,F,8,F,8,G
fixed,335,2,4,5,10,9,16,G,8,F,8,G
fixed,336,3,1,4,3,8,7,F,8,F,8,G
fixed,337,3,3,6,8,10,15,G,8,F,8,G
fixed,338,3,3,10,8,16,13,F,8,F,8,G
fixed,339,2,4,7,9,11,16,G,8,F,8,G
fixed,340,5,4,11,7,16,11,F,8,F,8,G
fixed,341,5,2,9,4,14,7,F,8,F,8,G
fixed,342,1,5,4,9,8,14,G,8,F,8,G
fixed,343,2,3,6,7,12,12,draw,8,F,8,G
fixed,344,4,1,7,5,13,11,F,8,F,8,G
fixed,345,2,2,7,7,13,12,F,8,F,8,G
fixed,346,1,3,6,9,11,14,G,8,F,8,G
fixed,347,3,2,10,4,14,6,F,8,F,8,G
fixed,348,1,4,5,10,11,16,G,8,F,8,G
fixed,349,3,3,7,7,12,11,F,8,F,8,G
fixed,350,2,5,6,11,11,17,G,8,F,8,G
fixed,351,3,2,4,4,7,9,G,8,F,8,G
fixed,352,1,5,4,9,7,13,G,8,F,8,G
fixed,353,2,3,6,11,10,17,G,8,F,8,G
fixed,354,3,4,6,8,11,12,G,8,F,8,G
fixed,355,1,4,7,11,14,17,G,8,F,8,G
fixed,356,2,2,7,9,13,16,G,8,F,8,G
fixed,357,4,1,7,3,12,7,F,8,F,8,G
fixed,358,3,5,8,11,15,17,G,8,F,8,G
fixed,359,3,5,5,10,10,16,G,8,F,8,G
fixed,360,4,1,7,6,11,11,draw,8,F,8,G
fixed,361,5,5,10,11,17,17,draw,8,F,8,G
fixed,362,1,3,2,4,5,8,G,8,F,8,G
fixed,363,4,3,8,7,13,11,F,8,F,8,G
fixed,364,4,4,8,10,11,15,G,8,F,8,G
fixed,365,2,2,7,6,11,11,draw,8,F,8,G
fixed,366,3,1,9,5,15,11,F,8,F,8,G
fixed,367,5,2,9,6,15,11,F,8,F,8,G
fixed,368,4,5,8,9,14,13,F,8,F,8,G
fixed,369,4,3,9,6,17,10,F,8,F,8,G
fixed,370,3,4,9,8,14,12,F,8,F,8,G
fixed,371,5,3,10,8,16,13,F,8,F,8,G
fixed,372,3,1,7,5,13,11,F,8,F,8,G
fixed,373,5,2,11,7,17,12,F,8,F,8,G
fixed,374,5,4,9,8,13,13,draw,8,F,8,G
fixed,375,2,3,6,8,11,13,G,8,F,8,G
fixed,376,3,3,8,7,14,12,F,8,F,8,G
fixed,377,5,5,9,10,15,14,F,8,F,8,G
fixed,378,4,3,9,8,14,12,F,8,F,8,G
fixed,379,2,1,5,6,11,12,G,8,F,8,G
fixed,380,4,3,8,8,12,13,G,8,F,8,G
fixed,381,2,5,8,9,14,12,F,8,F,8,G
fixed,382,2,4,7,9,14,16,G,8,F,8,G
fixed,383,4,1,10,5,16,8,F,8,F,8,G
fixed,384,3,2,7,6,13,13,draw,8,F,8,G
fixed,385,1,5,4,11,9,17,G,8,F,8,G
fixed,386,3,1,8,6,12,12,draw,8,F,8,G
fixed,387,3,2,11,6,18,10,F,8,F,8,G
fixed,388,2,2,7,6,13,11,F,8,F,8,G
fixed,389,4,4,8,9,14,14,draw,8,F,8,G
fixed,390,1,1,4,2,9,4,F,8,F,8,G
fixed,391,2,3,8,8,13,16,G,8,F,8,G
fixed,392,2,1,4,4,7,10,G,8,F,8,G
fixed,393,3,1,8,2,16,6,F,8,F,8,G
fixed,394,3,2,8,6,13,10,F,8,F,8,G
fixed,395,1,4,5,7,9,13,G,8,F,8,G
fixed,396,4,4,8,9,14,17,G,8,F,8,G
fixed,397,4,2,8,7,12,13,G,8,F,8,G
fixed,398,4,4,8,8,11,14,G,8,F,8,G
fixed,399,2,2,6,4,11,7,F,8,F,8,G
fixed,400,2,2,6,5,12,10,F,8,F,8,G
fixed,401,7,2,14,7,20,14,F,8,F,8,G
fixed,402,4,6,9,11,14,16,G,8,F,8,G
fixed,403,2,2,7,6,12,11,F,8,F,8,G
fixed,404,4,3,9,5,15,9,F,8,F,8,G
fixed,405,2,2,7,6,12,10,F,8,F,8,G
fixed,406,4,6,7,10,11,13,G,8,F,8,G
fixed,407,5,4,9,9,14,15,G,8,F,8,G
fixed,408,4,4,9,7,15,11,F,8,F,8,G
fixed,409,4,2,8,5,13,12,F,8,F,8,G
fixed,410,5,3,11,9,15,14,F,8,F,8,G
fixed,411,3,4,6,11,11,17,G,8,F,8,G
fixed,412,1,1,5,5,9,11,G,8,F,8,G
fixed,413,5,4,9,6,14,9,F,8,F,8,G
fixed,414,2,6,6,12,10,18,G,8,F,8,G
fixed,415,2,5,5,12,7,18,G,8,F,8,G
fixed,416,2,1,8,4,13,7,F,8,F,8,G
fixed,417,4,3,11,6,20,11,F,8,F,8,G
fixed,418,4,2,9,5,17,9,F,8,F,8,G
fixed,419,3,2,7,3,12,7,F,8,F,8,G
fixed,420,3,1,6,4,10,9,F,8,F,8,G
fixed,421,2,4,6,9,12,15,G,8,F,8,G
fixed,422,5,3,11,8,17,14,F,8,F,8,G
fixed,423,3,2,8,6,13,11,F,8,F,8,G
fixed,424,2,4,6,7,11,12,G,8,F,8,G
fixed,425,2,1,5,4,8,9,G,8,F,8,G
fixed,426,4,3,10,6,17,12,F,8,F,8,G
fixed,427,5,1,12,5,17,12,F,8,F,8,G
fixed,428,2,4,7,7,11,13,G,8,F,8,G
fixed,429,2,4,6,9,11,16,G,8,F,8,G
fixed,430,3,2,6,5,12,8,F,8,F,8,G
fixed,431,2,3,7,7,12,13,G,8,F,8,G
fixed,432,4,4,11,10,16,17,G,8,F,8,G
fixed,433,3,2,7,4,10,9,F,8,F,8,G
fixed,434,6,2,11,8,15,13,F,8,F,8,G
fixed,435,4,1,9,5,14,10,F,8,F,8,G
fixed,436,2,5,6,10,11,16,G,8,F,8,G
fixed,437,1,4,5,11,7,17,G,8,F,8,G
fixed,438,2,0,5,3,10,4,F,8,F,8,G
fixed,439,1,5,5,11,11,17,G,8,F,8,G
fixed,440,1,1,6,3,11,7,F,8,F,8,G
fixed,441,3,2,9,7,15,12,F,8,F,8,G
fixed,442,2,3,7,6,15,10,F,8,F,8,G
fixed,443,4,2,11,7,18,14,F,8,F,8,G
fixed,444,3,2,9,6,16,12,F,8,F,8,G
fixed,445,2,2,7,5,14,10,F,8,F,8,G
fixed,446,2,3,6,9,10,15,G,8,F,8,G
fixed,447,4,3,7,7,11,15,G,8,F,8,G
fixed,448,2,4,6,7,12,12,draw,8,F,8,G
fixed,449,5,3,11,7,15,12,F,8,F,8,G
fixed,450,3,5,7,12,12,20,G,8,F,8,G
fixed,451,4,0,6,5,8,12,G,8,F,8,G
fixed,452,1,3,3,5,9,8,F,8,F,8,G
fixed,453,2,3,5,9,10,15,G,8,F,8,G
fixed,454,3,3,6,6,11,9,F,8,F,8,G
fixed,455,2,1,7,5,12,11,F,8,F,8,G
fixed,456,1,3,4,9,7,16,G,8,F,8,G
fixed,457,2,1,6,6,9,11,G,8,F,8,G
fixed,458,1,2,4,6,9,11,G,8,F,8,G
fixed,459,6,3,10,7,14,12,F,8,F,8,G
fixed,460,1,2,3,8,6,16,G,8,F,8,G
fixed,461,2,1,8,2,14,5,F,8,F,8,G
fixed,462,3,5,8,11,14,17,G,8,F,8,G
fixed,463,1,3,4,5,8,11,G,8,F,8,G
fixed,464,0,4,3,9,7,14,G,8,F,8,G
fixed,465,2,2,6,6,11,10,F,8,F,8,G
fixed,466,0,2,2,6,7,10,G,8,F,8,G
fixed,467,2,2,4,6,7,12,G,8,F,8,G
fixed,468,1,2,4,6,9,11,G,8,F,8,G
fixed,469,4,4,10,8,17,12,F,8,F,8,G
fixed,470,2,2,7,7,12,17,G,8,F,8,G
fixed,471,3,2,7,7,13,12,F,8,F,8,G
fixed,472,5,4,11,10,16,16,draw,8,F,8,G
fixed,473,2,4,6,8,14,12,F,8,F,8,G
fixed,474,2,2,7,6,13,10,F,8,F,8,G
fixed,475,3,4,7,7,12,11,F,8,F,8,G
fixed,476,3,2,9,6,17,11,F,8,F,8,G
fixed,477,5,2,10,6,20,12,F,8,F,8,G
fixed,478,2,2,6,5,10,7,F,8,F,8,G
fixed,479,3,2,8,5,14,8,F,8,F,8,G
fixed,480,2,1,7,7,10,15,G,8,F,8,G
fixed,481,2,3,6,7,13,9,F,8,F,8,G
fixed,482,3,4,6,11,11,18,G,8,F,8,G
fixed,483,2,1,3,3,7,7,draw,8,F,8,G
fixed,484,4,2,7,6,10,10,draw,8,F,8,G
fixed,485,3,4,6,12,10,18,G,8,F,8,G
fixed,486,3,2,6,8,11,12,G,8,F,8,G
fixed,487,4,3,10,6,17,11,F,8,F,8,G
fixed,488,2,2,5,4,9,8,F,8,F,8,G
fixed,489,2,3,6,5,9,7,F,8,F,8,G
fixed,490,4,3,9,7,14,12,F,8,F,8,G
fixed,491,1,1,3,4,6,7,G,8,F,8,G
fixed,492,1,4,5,8,11,12,G,8,F,8,G
fixed,493,3,4,8,7,15,11,F,8,F,8,G
fixed,494,4,2,9,7,15,13,F,8,F,8,G
fixed,495,1,4,6,9,12,13,G,8,F,8,G
fixed,496,4,4,9,9,14,14,draw,8,F,8,G
fixed,497,4,5,8,10,13,16,G,8,F,8,G
fixed,498,4,4,8,12,13,20,G,8,F,8,G
fixed,499,2,1,6,3,11,6,F,8,F,8,G
fixed,500,3,5,7,10,13,16,G,8,F,8,G
fixed,501,2,2,7,4,12,5,F,8,F,8,G
fixed,502,6,3,14,9,21,13,F,8,F,8,G
fixed,503,2,1,6,5,10,11,G,8,F,8,G
fixed,504,4,2,7,7,10,15,G,8,F,8,G
fixed,505,2,2,6,7,12,12,draw,8,F,8,G
fixed,506,2,3,5,9,10,15,G,8,F,8,G
fixed,507,3,1,9,5,14,9,F,8,F,8,G
fixed,508,3,3,8,8,11,13,G,8,F,8,G
fixed,509,5,2,11,7,16,12,F,8,F,8,G
fixed,510,1,3,4,10,9,16,G,8,F,8,G
fixed,511,1,1,4,2,5,6,G,8,F,8,G
fixed,512,4,3,10,6,19,10,F,8,F,8,G
fixed,513,3,3,7,8,11,15,G,8,F,8,G
fixed,514,3,1,8,6,12,12,draw,8,F,8,G
fixed,515,2,3,7,8,10,14,G,8,F,8,G
fixed,516,2,6,8,9,15,12,F,8,F,8,G
fixed,517,2,4,8,9,17,14,F,8,F,8,G
fixed,518,3,1,7,3,11,7,F,8,F,8,G
fixed,519,3,2,7,6,13,11,F,8,F,8,G
fixed,520,3,3,9,11,14,20,G,8,F,8,G
fixed,521,2,2,5,8,10,14,G,8,F,8,G
fixed,522,2,1,6,4,10,7,F,8,F,8,G
fixed,523,2,3,8,6,15,10,F,8,F,8,G
fixed,524,2,3,8,9,15,15,draw,8,F,8,G
fixed,525,2,5,7,10,12,17,G,8,F,8,G
fixed,526,2,4,7,8,13,12,F,8,F,8,G
fixed,527,3,3,9,7,18,11,F,8,F,8,G
fixed,528,3,3,7,9,13,15,G,8,F,8,G
fixed,529,4,6,9,12,16,17,G,8,F,8,G
fixed,530,0,3,4,7,9,12,G,8,F,8,G
fixed,531,1,3,3,7,8,12,G,8,F,8,G
fixed,532,5,5,10,11,14,15,G,8,F,8,G
fixed,533,3,3,5,7,10,10,draw,8,F,8,G
fixed,534,3,3,10,6,18,10,F,8,F,8,G
fixed,535,1,1,5,4,9,9,draw,8,F,8,G
fixed,536,3,3,11,8,19,11,F,8,F,8,G
fixed,537,4,4,9,8,14,13,F,8,F,8,G
fixed,538,3,1,8,5,14,9,F,8,F,8,G
fixed,539,4,1,7,5,11,9,F,8,F,8,G
fixed,540,5,4,10,12,13,19,G,8,F,8,G
fixed,541,2,1,6,3,9,5,F,8,F,8,G
fixed,542,3,3,7,7,12,14,G,8,F,8,G
fixed,543,2,3,7,6,11,12,G,8,F,8,G
fixed,544,1,2,4,7,9,14,G,8,F,8,G
fixed,545,1,4,4,11,9,17,G,8,F,8,G
fixed,546,1,5,5,11,11,19,G,8,F,8,G
fixed,547,2,2,5,4,11,8,F,8,F,8,G
fixed,548,2,4,6,7,13,13,draw,8,F,8,G
fixed,549,2,4,6,9,10,11,G,8,F,8,G
fixed,550,1,3,6,8,12,10,F,8,F,8,G
fixed,551,1,2,4,7,8,13,G,8,F,8,G
fixed,552,4,5,11,13,19,20,G,8,F,8,G
fixed,553,2,4,8,8,14,15,G,8,F,8,G
fixed,554,5,3,11,7,18,13,F,8,F,8,G
fixed,555,1,2,5,4,9,8,F,8,F,8,G
fixed,556,4,1,10,4,16,7,F,8,F,8,G
fixed,557,2,3,5,8,11,15,G,8,F,8,G
fixed,558,4,4,9,9,16,14,F,8,F,8,G
fixed,559,3,2,6,6,10,10,draw,8,F,8,G
fixed,560,4,3,10,9,15,16,G,8,F,8,G
fixed,561,4,3,6,4,11,8,F,8,F,8,G
fixed,562,2,2,8,7,14,12,F,8,F,8,G
fixed,563,2,2,5,9,10,15,G,8,F,8,G
fixed,564,2,3,6,7,10,10,draw,8,F,8,G
fixed,565,2,1,9,6,13,12,F,8,F,8,G
fixed,566,4,2,10,8,15,15,draw,8,F,8,G
fixed,567,4,3,12,8,19,15,F,8,F,8,G
fixed,568,4,4,10,9,18,14,F,8,F,8,G
fixed,569,3,2,7,4,14,9,F,8,F,8,G
fixed,570,1,4,5,7,10,10,draw,8,F,8,G
fixed,571,0,3,3,9,7,16,G,8,F,8,G
fixed,572,3,5,7,10,15,16,G,8,F,8,G
fixed,573,2,4,5,11,9,18,G,8,F,8,G
fixed,574,2,6,7,14,13,22,G,8,F,8,G
fixed,575,3,2,8,6,12,10,F,8,F,8,G
fixed,576,3,3,11,9,20,16,F,8,F,8,G
fixed,577,3,2,7,7,14,14,draw,8,F,8,G
fixed,578,4,3,8,5,15,9,F,8,F,8,G
fixed,579,1,2,5,9,12,15,G,8,F,8,G
fixed,580,0,3,3,8,6,12,G,8,F,8,G
fixed,581,5,3,10,8,16,15,F,8,F,8,G
fixed,582,4,2,9,8,14,12,F,8,F,8,G
fixed,583,5,1,9,4,13,7,F,8,F,8,G
fixed,584,3,2,8,6,13,13,draw,8,F,8,G
fixed,585,3,1,9,2,16,6,F,8,F,8,G
fixed,586,2,4,5,8,9,11,G,8,F,8,G
fixed,587,4,5,8,13,15,23,G,8,F,8,G
fixed,588,3,2,7,6,13,11,F,8,F,8,G
fixed,589,4,3,8,8,14,14,draw,8,F,8,G
fixed,590,3,3,10,8,18,13,F,8,F,8,G
fixed,591,3,2,8,5,16,11,F,8,F,8,G
fixed,592,2,2,4,5,10,8,F,8,F,8,G
fixed,593,2,3,6,6,10,12,G,8,F,8,G
fixed,594,0,4,3,11,7,21,G,8,F,8,G
fixed,595,3,4,8,8,13,13,draw,8,F,8,G
fixed,596,1,4,2,7,7,13,G,8,F,8,G
fixed,597,2,3,5,5,11,11,draw,8,F,8,G
fixed,598,2,1,6,5,12,11,F,8,F,8,G
fixed,599,4,5,8,9,13,13,draw,8,F,8,G
fixed,600,2,3,4,8,8,15,G,8,F,8,G
fixed,601,4,3,10,7,17,12,F,8,F,8,G
fixed,602,1,0,4,2,10,5,F,8,F,8,G
fixed,603,5,4,10,9,15,14,F,8,F,8,G
fixed,604,3,4,6,9,11,15,G,8,F,8,G
fixed,605,2,3,7,7,13,10,F,8,F,8,G
fixed,606,2,5,6,11,11,18,G,8,F,8,G
fixed,607,3,1,9,3,14,8,F,8,F,8,G
fixed,608,5,2,11,5,17,8,F,8,F,8,G
fixed,609,1,0,4,2,9,4,F,8,F,8,G
fixed,610,1,2,5,5,12,8,F,8,F,8,G
fixed,611,2,6,5,12,8,17,G,8,F,8,G
fixed,612,4,2,9,3,14,5,F,8,F,8,G
fixed,613,3,1,6,2,13,6,F,8,F,8,G
fixed,614,5,5,12,9,18,13,F,8,F,8,G
fixed,615,3,3,9,8,16,12,F,8,F,8,G
fixed,616,3,3,10,6,16,8,F,8,F,8,G
fixed,617,2,4,5,8,10,16,G,8,F,8,G
fixed,618,2,4,6,6,12,10,F,8,F,8,G
fixed,619,4,4,7,7,11,11,draw,8,F,8,G
fixed,620,5,5,11,13,16,23,G,8,F,8,G
fixed,621,5,4,11,7,18,11,F,8,F,8,G
fixed,622,2,3,7,10,12,18,G,8,F,8,G
fixed,623,1,3,3,7,9,13,G,8,F,8,G
fixed,624,3,3,7,5,13,8,F,8,F,8,G
fixed,625,1,4,2,7,5,14,G,8,F,8,G
fixed,626,3,3,8,8,15,12,F,8,F,8,G
fixed,627,4,2,7,4,12,8,F,8,F,8,G
fixed,628,3,4,7,9,10,13,G,8,F,8,G
fixed,629,3,2,7,5,12,10,F,8,F,8,G
fixed,630,2,1,6,5,11,11,draw,8,F,8,G
fixed,631,6,3,11,7,16,11,F,8,F,8,G
fixed,632,3,1,10,4,18,9,F,8,F,8,G
fixed,633,5,2,10,5,15,8,F,8,F,8,G
fixed,634,5,5,13,12,20,18,F,8,F,8,G
fixed,635,3,3,5,7,11,12,G,8,F,8,G
fixed,636,2,2,6,7,12,12,draw,8,F,8,G
fixed,637,3,3,6,9,9,13,G,8,F,8,G
fixed,638,3,2,5,6,9,12,G,8,F,8,G
fixed,639,1,2,5,5,10,7,F,8,F,8,G
fixed,640,4,4,9,8,17,12,F,8,F,8,G
fixed,641,3,3,7,7,12,10,F,8,F,8,G
fixed,642,3,1,6,5,10,9,F,8,F,8,G
fixed,643,2,4,4,11,6,18,G,8,F,8,G
fixed,644,5,3,9,7,14,12,F,8,F,8,G
fixed,645,2,3,4,7,7,11,G,8,F,8,G
fixed,646,2,2,6,6,10,12,G,8,F,8,G
fixed,647,2,2,4,7,7,14,G,8,F,8,G
fixed,648,2,5,7,10,14,15,G,8,F,8,G
fixed,649,3,2,6,9,11,15,G,8,F,8,G
fixed,650,7,1,14,4,21,9,F,8,F,8,G
fixed,651,4,5,8,11,14,18,G,8,F,8,G
fixed,652,4,1,9,4,14,8,F,8,F,8,G
fixed,653,5,5,9,9,13,14,G,8,F,8,G
fixed,654,1,2,6,5,11,8,F,8,F,8,G
fixed,655,4,1,8,4,14,10,F,8,F,8,G
fixed,656,4,5,10,8,16,14,F,8,F,8,G
fixed,657,2,5,4,9,10,13,G,8,F,8,G
fixed,658,2,4,6,11,9,17,G,8,F,8,G
fixed,659,2,2,7,3,13,5,F,8,F,8,G
fixed,660,2,3,7,5,12,11,F,8,F,8,G
fixed,661,4,4,9,10,12,15,G,8,F,8,G
fixed,662,4,2,9,6,14,10,F,8,F,8,G
fixed,663,2,4,6,10,10,13,G,8,F,8,G
fixed,664,3,1,8,3,14,8,F,8,F,8,G
fixed,665,3,1,9,5,16,10,F,8,F,8,G
fixed,666,2,3,6,6,10,11,G,8,F,8,G
fixed,667,1,3,6,7,13,14,G,8,F,8,G
fixed,668,4,4,9,9,16,14,F,8,F,8,G
fixed,669,4,2,8,8,15,14,F,8,F,8,G
fixed,670,2,4,6,11,10,19,G,8,F,8,G
fixed,671,2,2,6,5,11,10,F,8,F,8,G
fixed,672,3,3,9,9,16,13,F,8,F,8,G
fixed,673,2,4,3,6,6,10,G,8,F,8,G
fixed,674,1,3,5,7,12,12,draw,8,F,8,G
fixed,675,1,2,3,5,7,9,G,8,F,8,G
fixed,676,0,4,5,10,10,16,G,8,F,8,G
fixed,677,4,2,9,5,12,10,F,8,F,8,G
fixed,678,3,0,8,3,12,7,F,8,F,8,G
fixed,679,3,2,6,7,12,11,F,8,F,8,G
fixed,680,3,3,6,8,10,13,G,8,F,8,G
fixed,681,3,4,4,8,6,12,G,8,F,8,G
fixed,682,2,3,6,11,9,16,G,8,F,8,G
fixed,683,3,4,9,10,16,18,G,8,F,8,G
fixed,684,1,3,4,7,7,11,G,8,F,8,G
fixed,685,3,3,7,7,14,12,F,8,F,8,G
fixed,686,3,2,9,8,14,13,F,8,F,8,G
fixed,687,3,3,8,7,12,13,G,8,F,8,G
fixed,688,4,3,8,7,11,12,G,8,F,8,G
fixed,689,3,2,8,6,15,12,F,8,F,8,G
fixed,690,4,3,9,7,12,11,F,8,F,8,G
fixed,691,4,4,7,11,9,18,G,8,F,8,G
fixed,692,3,5,7,12,11,17,G,8,F,8,G
fixed,693,5,4,12,11,16,18,G,8,F,8,G
fixed,694,2,1,6,5,13,9,F,8,F,8,G
fixed,695,2,2,5,6,9,11,G,8,F,8,G
fixed,696,3,3,6,10,8,15,G,8,F,8,G
fixed,697,2,2,7,7,12,11,F,8,F,8,G
fixed,698,3,2,8,6,12,9,F,8,F,8,G
fixed,699,2,3,5,11,9,17,G,8,F,8,G
fixed,700,2,2,4,6,7,11,G,8,F,8,G
fixed,701,4,2,8,5,13,10,F,8,F,8,G
fixed,702,2,2,7,6,11,11,draw,8,F,8,G
fixed,703,3,1,10,3,16,7,F,8,F,8,G
fixed,704,4,2,8,6,14,12,F,8,F,8,G
fixed,705,5,0,8,3,12,8,F,8,F,8,G
fixed,706,5,1,11,7,16,12,F,8,F,8,G
fixed,707,2,4,8,11,16,19,G,8,F,8,G
fixed,708,1,4,5,11,13,20,G,8,F,8,G
fixed,709,0,5,3,10,8,15,G,8,F,8,G
fixed,710,3,2,8,6,13,11,F,8,F,8,G
fixed,711,1,2,3,6,6,9,G,8,F,8,G
fixed,712,3,2,6,6,12,11,F,8,F,8,G
fixed,713,2,1,5,6,9,13,G,8,F,8,G
fixed,714,3,3,8,6,12,11,F,8,F,8,G
fixed,715,4,4,11,9,16,14,F,8,F,8,G
fixed,716,2,4,6,7,8,12,G,8,F,8,G
fixed,717,4,2,9,3,13,6,F,8,F,8,G
fixed,718,4,0,11,3,18,6,F,8,F,8,G
fixed,719,1,3,4,8,7,15,G,8,F,8,G
fixed,720,2,3,4,7,6,12,G,8,F,8,G
fixed,721,5,2,10,5,16,9,F,8,F,8,G
fixed,722,3,1,8,5,15,9,F,8,F,8,G
fixed,723,2,1,6,4,13,7,F,8,F,8,G
fixed,724,3,1,7,1,11,4,F,8,F,8,G
fixed,725,3,5,8,8,11,11,draw,8,F,8,G
fixed,726,1,3,5,7,13,11,F,8,F,8,G
fixed,727,3,2,8,6,14,10,F,8,F,8,G
fixed,728,4,2,8,7,14,14,draw,8,F,8,G
fixed,729,4,4,9,8,13,11,F,8,F,8,G
fixed,730,3,4,8,10,16,14,F,8,F,8,G
fixed,731,1,3,7,9,12,15,G,8,F,8,G
fixed,732,2,1,5,3,11,6,F,8,F,8,G
fixed,733,3,5,9,11,17,18,G,8,F,8,G
fixed,734,2,4,7,12,13,18,G,8,F,8,G
fixed,735,2,3,6,8,10,14,G,8,F,8,G
fixed,736,5,1,11,3,17,8,F,8,F,8,G
fixed,737,4,4,11,8,18,14,F,8,F,8,G
fixed,738,2,2,6,5,11,9,F,8,F,8,G
fixed,739,4,2,9,8,14,12,F,8,F,8,G
fixed,740,1,2,4,5,9,11,G,8,F,8,G
fixed,741,2,3,7,8,14,15,G,8,F,8,G
fixed,742,2,3,7,9,12,16,G,8,F,8,G
fixed,743,2,2,6,8,12,14,G,8,F,8,G
fixed,744,0,1,4,4,8,7,F,8,F,8,G
fixed,745,3,3,6,7,11,13,G,8,F,8,G
fixed,746,3,1,9,5,18,11,F,8,F,8,G
fixed,747,1,3,5,9,12,16,G,8,F,8,G
fixed,748,3,3,5,9,8,14,G,8,F,8,G
fixed,749,3,3,8,9,13,16,G,8,F,8,G
fixed,750,2,3,5,8,11,14,G,8,F,8,G
fixed,751,2,4,5,10,10,17,G,8,F,8,G
fixed,752,6,1,14,3,22,6,F,8,F,8,G
fixed,753,1,2,4,5,8,10,G,8,F,8,G
fixed,754,2,4,5,8,11,14,G,8,F,8,G
fixed,755,4,1,11,3,19,6,F,8,F,8,G
fixed,756,4,2,9,4,17,8,F,8,F,8,G
fixed,757,1,3,6,8,14,14,draw,8,F,8,G
fixed,758,2,2,7,5,11,8,F,8,F,8,G
fixed,759,3,3,10,7,18,11,F,8,F,8,G
fixed,760,2,4,5,7,9,11,G,8,F,8,G
fixed,761,4,0,8,0,13,5,F,8,F,8,G
fixed,762,2,3,4,8,7,16,G,8,F,8,G
fixed,763,0,2,2,6,5,13,G,8,F,8,G
fixed,764,3,2,6,5,11,10,F,8,F,8,G
fixed,765,1,3,6,6,11,11,draw,8,F,8,G
fixed,766,2,4,7,11,13,18,G,8,F,8,G
fixed,767,0,4,4,10,12,16,G,8,F,8,G
fixed,768,3,2,6,5,10,10,draw,8,F,8,G
fixed,769,4,4,8,10,14,18,G,8,F,8,G
fixed,770,4,7,9,13,15,17,G,8,F,8,G
fixed,771,0,4,4,8,10,12,G,8,F,8,G
fixed,772,2,3,7,6,14,14,draw,8,F,8,G
fixed,773,2,1,6,5,9,9,draw,8,F,8,G
fixed,774,2,3,5,6,8,10,G,8,F,8,G
fixed,775,3,3,9,10,14,18,G,8,F,8,G
fixed,776,5,3,10,8,17,14,F,8,F,8,G
fixed,777,4,3,8,7,13,13,draw,8,F,8,G
fixed,778,2,1,6,4,11,9,F,8,F,8,G
fixed,779,5,3,12,6,20,10,F,8,F,8,G
fixed,780,3,2,7,6,12,11,F,8,F,8,G
fixed,781,2,0,5,1,8,5,F,8,F,8,G
fixed,782,1,1,3,6,5,11,G,8,F,8,G
fixed,783,4,5,9,10,15,15,draw,8,F,8,G
fixed,784,2,5,5,10,12,16,G,8,F,8,G
fixed,785,2,2,5,6,10,11,G,8,F,8,G
fixed,786,4,4,10,9,14,15,G,8,F,8,G
fixed,787,2,3,6,6,10,10,draw,8,F,8,G
fixed,788,4,3,10,6,17,11,F,8,F,8,G
fixed,789,4,3,8,8,14,14,draw,8,F,8,G
fixed,790,5,1,10,5,16,11,F,8,F,8,G
fixed,791,0,4,5,9,8,15,G,8,F,8,G
fixed,792,3,3,7,8,11,13,G,8,F,8,G
fixed,793,3,0,7,4,10,7,F,8,F,8,G
fixed,794,3,4,6,9,10,16,G,8,F,8,G
fixed,795,5,2,10,5,16,8,F,8,F,8,G
fixed,796,3,1,6,7,12,15,G,8,F,8,G
fixed,797,2,1,7,5,11,11,draw,8,F,8,G
fixed,798,2,5,5,10,8,14,G,8,F,8,G
fixed,799,4,3,8,9,12,14,G,8,F,8,G
fixed,800,1,2,5,7,13,14,G,8,F,8,G
fixed,801,3,3,9,7,14,12,F,8,F,8,G
fixed,802,3,2,5,3,8,7,F,8,F,8,G
fixed,803,1,2,5,6,11,11,draw,8,F,8,G
fixed,804,0,3,2,8,7,14,G,8,F,8,G
fixed,805,4,3,11,10,15,15,draw,8,F,8,G
fixed,806,4,3,9,7,14,12,F,8,F,8,G
fixed,807,1,2,3,6,7,12,G,8,F,8,G
fixed,808,3,1,7,6,11,14,G,8,F,8,G
fixed,809,3,5,7,9,12,13,G,8,F,8,G
fixed,810,4,2,10,5,16,9,F,8,F,8,G
fixed,811,2,3,5,5,10,9,F,8,F,8,G
fixed,812,4,2,9,5,15,10,F,8,F,8,G
fixed,813,2,2,6,4,11,8,F,8,F,8,G
fixed,814,4,3,8,7,14,10,F,8,F,8,G
fixed,815,3,4,6,9,13,14,G,8,F,8,G
fixed,816,3,2,10,8,16,14,F,8,F,8,G
fixed,817,2,4,6,9,11,16,G,8,F,8,G
fixed,818,4,1,8,3,13,10,F,8,F,8,G
fixed,819,1,4,6,9,12,16,G,8,F,8,G
fixed,820,1,2,8,6,14,9,F,8,F,8,G
fixed,821,1,4,3,6,6,11,G,8,F,8,G
fixed,822,2,2,8,6,12,13,G,8,F,8,G
fixed,823,1,1,7,5,15,10,F,8,F,8,G
fixed,824,3,1,6,4,9,9,draw,8,F,8,G
fixed,825,4,2,9,4,15,9,F,8,F,8,G
fixed,826,3,2,8,6,13,11,F,8,F,8,G
fixed,827,2,4,6,9,15,14,F,8,F,8,G
fixed,828,3,3,8,7,12,12,draw,8,F,8,G
fixed,829,3,3,8,6,13,9,F,8,F,8,G
fixed,830,4,5,8,12,13,18,G,8,F,8,G
fixed,831,3,4,9,10,14,16,G,8,F,8,G
fixed,832,4,3,9,6,13,9,F,8,F,8,G
fixed,833,2,3,6,7,12,14,G,8,F,8,G
fixed,834,2,2,8,5,14,9,F,8,F,8,G
fixed,835,2,1,7,4,14,9,F,8,F,8,G
fixed,836,4,2,8,6,14,11,F,8,F,8,G
fixed,837,4,2,8,8,13,13,draw,8,F,8,G
fixed,838,4,3,9,8,13,13,draw,8,F,8,G
fixed,839,2,2,5,4,9,9,draw,8,F,8,G
fixed,840,1,1,5,5,10,10,draw,8,F,8,G
fixed,841,2,0,7,3,12,10,F,8,F,8,G
fixed,842,2,3,7,7,10,12,G,8,F,8,G
fixed,843,3,2,7,7,13,14,G,8,F,8,G
fixed,844,1,2,4,7,10,16,G,8,F,8,G
fixed,845,2,1,7,3,14,8,F,8,F,8,G
fixed,846,3,2,7,5,13,10,F,8,F,8,G
fixed,847,5,1,8,3,10,5,F,8,F,8,G
fixed,848,2,1,5,5,10,9,F,8,F,8,G
fixed,849,2,3,6,7,12,13,G,8,F,8,G
fixed,850,3,2,8,5,13,10,F,8,F,8,G
fixed,851,2,5,7,11,12,15,G,8,F,8,G
fixed,852,2,3,6,6,11,10,F,8,F,8,G
fixed,853,3,2,8,6,11,9,F,8,F,8,G
fixed,854,2,2,6,5,10,9,F,8,F,8,G
fixed,855,3,4,10,7,14,11,F,8,F,8,G
fixed,856,5,1,10,6,14,11,F,8,F,8,G
fixed,857,4,2,6,5,9,9,draw,8,F,8,G
fixed,858,2,3,4,7,9,10,G,8,F,8,G
fixed,859,3,3,7,8,12,15,G,8,F,8,G
fixed,860,3,2,9,8,16,14,F,8,F,8,G
fixed,861,2,1,6,4,11,7,F,8,F,8,G
fixed,862,5,5,11,9,18,15,F,8,F,8,G
fixed,863,2,3,7,7,14,12,F,8,F,8,G
fixed,864,1,5,4,7,7,10,G,8,F,8,G
fixed,865,2,4,5,9,10,16,G,8,F,8,G
fixed,866,2,0,4,3,8,8,draw,8,F,8,G
fixed,867,1,4,6,10,13,16,G,8,F,8,G
fixed,868,3,2,7,8,11,15,G,8,F,8,G
fixed,869,4,3,8,8,11,12,G,8,F,8,G
fixed,870,1,2,5,7,10,11,G,8,F,8,G
fixed,871,2,1,6,6,10,11,G,8,F,8,G
fixed,872,3,4,6,8,11,12,G,8,F,8,G
fixed,873,2,3,5,8,9,13,G,8,F,8,G
fixed,874,3,2,7,3,11,6,F,8,F,8,G
fixed,875,2,4,7,10,13,15,G,8,F,8,G
fixed,876,2,1,7,5,12,10,F,8,F,8,G
fixed,877,6,4,11,10,16,14,F,8,F,8,G
fixed,878,2,4,6,7,14,10,F,8,F,8,G
fixed,879,5,3,11,6,17,11,F,8,F,8,G
fixed,880,5,3,9,7,14,13,F,8,F,8,G
fixed,881,4,6,10,13,17,19,G,8,F,8,G
fixed,882,3,2,7,5,12,9,F,8,F,8,G
fixed,883,3,5,9,8,14,12,F,8,F,8,G
fixed,884,5,4,9,8,13,15,G,8,F,8,G
fixed,885,3,5,7,11,12,17,G,8,F,8,G
fixed,886,4,3,8,6,12,11,F,8,F,8,G
fixed,887,2,2,5,5,10,11,G,8,F,8,G
fixed,888,3,4,7,9,13,17,G,8,F,8,G
fixed,889,3,4,7,7,12,13,G,8,F,8,G
fixed,890,3,3,6,9,10,16,G,8,F,8,G
fixed,891,2,3,7,6,12,10,F,8,F,8,G
fixed,892,2,6,5,14,10,23,G,8,F,8,G
fixed,893,3,4,8,10,13,13,draw,8,F,8,G
fixed,894,4,1,10,5,16,11,F,8,F,8,G
fixed,895,2,2,9,6,15,8,F,8,F,8,G
fixed,896,2,4,6,10,8,16,G,8,F,8,G
fixed,897,4,2,8,6,13,12,F,8,F,8,G
fixed,898,1,3,2,7,4,12,G,8,F,8,G
fixed,899,2,4,6,10,12,17,G,8,F,8,G
fixed,900,3,4,6,10,11,16,G,8,F,8,G
fixed,901,3,4,5,10,8,17,G,8,F,8,G
fixed,902,6,2,12,6,21,12,F,8,F,8,G
fixed,903,5,2,10,6,16,10,F,8,F,8,G
fixed,904,6,2,10,4,14,6,F,8,F,8,G
fixed,905,2,2,8,7,14,11,F,8,F,8,G
fixed,906,3,1,7,5,11,9,F,8,F,8,G
fixed,907,3,2,7,5,13,11,F,8,F,8,G
fixed,908,6,1,12,4,18,7,F,8,F,8,G
fixed,909,1,1,7,5,14,12,F,8,F,8,G
fixed,910,3,0,7,1,13,6,F,8,F,8,G
fixed,911,1,4,5,7,11,15,G,8,F,8,G
fixed,912,4,6,7,11,11,16,G,8,F,8,G
fixed,913,2,3,6,6,11,10,F,8,F,8,G
fixed,914,3,4,7,8,12,14,G,8,F,8,G
fixed,915,2,2,5,4,12,9,F,8,F,8,G
fixed,916,5,3,10,7,14,11,F,8,F,8,G
fixed,917,2,2,8,6,15,10,F,8,F,8,G
fixed,918,2,3,6,6,10,12,G,8,F,8,G
fixed,919,1,3,6,9,14,16,G,8,F,8,G
fixed,920,6,3,10,7,15,11,F,8,F,8,G
fixed,921,4,2,10,6,15,11,F,8,F,8,G
fixed,922,3,3,5,6,9,10,G,8,F,8,G
fixed,923,3,1,8,3,14,6,F,8,F,8,G
fixed,924,2,0,7,2,12,8,F,8,F,8,G
fixed,925,2,2,7,5,14,7,F,8,F,8,G
fixed,926,0,3,2,8,5,14,G,8,F,8,G
fixed,927,3,1,9,3,16,6,F,8,F,8,G
fixed,928,2,4,6,12,10,20,G,8,F,8,G
fixed,929,3,2,8,7,13,11,F,8,F,8,G
fixed,930,4,2,9,6,15,12,F,8,F,8,G
fixed,931,4,2,8,5,13,11,F,8,F,8,G
fixed,932,2,3,5,5,9,8,F,8,F,8,G
fixed,933,3,3,8,8,16,12,F,8,F,8,G
fixed,934,4,3,7,7,11,15,G,8,F,8,G
fixed,935,4,4,10,10,14,15,G,8,F,8,G
fixed,936,2,1,4,3,9,5,F,8,F,8,G
fixed,937,3,2,6,5,10,8,F,8,F,8,G
fixed,938,3,4,8,7,13,11,F,8,F,8,G
fixed,939,2,3,4,8,9,13,G,8,F,8,G
fixed,940,4,4,9,8,17,12,F,8,F,8,G
fixed,941,4,1,9,3,15,7,F,8,F,8,G
fixed,942,5,2,13,8,20,13,F,8,F,8,G
fixed,943,3,2,7,4,13,8,F,8,F,8,G
fixed,944,2,3,5,7,9,12,G,8,F,8,G
fixed,945,2,4,4,8,8,12,G,8,F,8,G
fixed,946,0,2,3,6,6,11,G,8,F,8,G
fixed,947,2,5,7,12,13,20,G,8,F,8,G
fixed,948,5,2,10,4,17,8,F,8,F,8,G
fixed,949,3,2,7,3,13,8,F,8,F,8,G
fixed,950,2,2,5,6,9,10,G,8,F,8,G
fixed,951,1,2,4,7,9,14,G,8,F,8,G
fixed,952,2,3,6,10,11,15,G,8,F,8,G
fixed,953,4,4,10,10,15,15,draw,8,F,8,G
fixed,954,2,3,8,9,14,14,draw,8,F,8,G
fixed,955,1,3,7,8,13,12,F,8,F,8,G
fixed,956,2,3,7,9,14,17,G,8,F,8,G
fixed,957,3,2,5,5,8,9,G,8,F,8,G
fixed,958,3,3,8,8,13,13,draw,8,F,8,G
fixed,959,3,2,8,5,13,9,F,8,F,8,G
fixed,960,5,3,11,7,16,13,F,8,F,8,G
fixed,961,4,3,9,5,13,8,F,8,F,8,G
fixed,962,2,1,6,5,10,11,G,8,F,8,G
fixed,963,4,2,6,3,7,4,F,8,F,8,G
fixed,964,3,5,4,11,9,17,G,8,F,8,G
fixed,965,2,4,6,10,11,17,G,8,F,8,G
fixed,966,3,5,8,10,13,17,G,8,F,8,G
fixed,967,4,3,9,7,15,11,F,8,F,8,G
fixed,968,2,3,5,8,12,16,G,8,F,8,G
fixed,969,4,3,9,8,13,15,G,8,F,8,G
fixed,970,5,4,12,11,21,19,F,8,F,8,G
fixed,971,5,1,9,4,12,7,F,8,F,8,G
fixed,972,3,4,8,9,11,13,G,8,F,8,G
fixed,973,5,4,11,7,19,12,F,8,F,8,G
fixed,974,3,2,8,4,14,8,F,8,F,8,G
fixed,975,3,0,10,3,19,10,F,8,F,8,G
fixed,976,4,3,9,7,14,12,F,8,F,8,G
fixed,977,3,4,9,9,15,13,F,8,F,8,G
fixed,978,3,3,7,9,13,15,G,8,F,8,G
fixed,979,2,1,4,4,9,11,G,8,F,8,G
fixed,980,5,4,9,11,14,18,G,8,F,8,G
fixed,981,2,2,8,5,14,10,F,8,F,8,G
fixed,982,4,3,8,7,15,13,F,8,F,8,G
fixed,983,3,3,7,8,11,13,G,8,F,8,G
fixed,984,2,2,7,6,12,12,draw,8,F,8,G
fixed,985,1,1,3,5,9,10,G,8,F,8,G
fixed,986,5,5,12,11,19,17,F,8,F,8,G
fixed,987,2,3,8,7,14,13,F,8,F,8,G
fixed,988,2,4,7,8,14,12,F,8,F,8,G
fixed,989,2,3,6,9,9,16,G,8,F,8,G
fixed,990,4,1,8,3,14,7,F,8,F,8,G
fixed,991,2,2,5,3,9,6,F,8,F,8,G
fixed,992,2,2,5,6,8,11,G,8,F,8,G
fixed,993,3,4,6,9,9,15,G,8,F,8,G
fixed,994,4,3,9,7,15,10,F,8,F,8,G
fixed,995,3,4,7,9,13,15,G,8,F,8,G
fixed,996,5,6,11,13,15,19,G,8,F,8,G
fixed,997,1,3,3,8,6,13,G,8,F,8,G
fixed,998,4,3,11,6,16,11,F,8,F,8,G
fixed,999,4,3,9,7,15,13,F,8,F,8,G
fixed,1000,3,1,6,3,11,8,F,8,F,8,G
