game,turn,phase,player,legal_moves_count,best_winrate,second_winrate,worst_winrate,best_second_gap,best_worst_gap,selected_move,selected_winrate
1,1,1,F,649,1.0,1.0,0.0,0.0,1.0,"put,x=2,y=2,piece_index=7,direction1=Y,direction2=X",
1,2,1,G,577,1.0,1.0,0.0,0.0,1.0,"put,x=0,y=1,piece_index=4,direction1=Y,direction2=Z",
1,3,1,F,463,1.0,1.0,0.0,0.0,1.0,"put,x=0,y=0,piece_index=6,direction1=Y,direction2=Z",
1,4,1,G,397,1.0,1.0,0.0,0.0,1.0,"put,x=0,y=2,piece_index=6,direction1=Y,direction2=Z",
1,5,1,F,301,1.0,1.0,0.0,0.0,1.0,"put,x=1,y=0,piece_index=9,direction1=Z,direction2=X",
1,6,1,G,241,1.0,0.75,0.0,0.25,1.0,"put,x=2,y=1,piece_index=3,direction1=X,direction2=Z",
1,7,1,F,163,1.0,1.0,0.5,0.0,0.5,"put,x=1,y=1,piece_index=7,direction1=Z,direction2=X",
1,8,1,G,109,0.5,0.5,0.0,0.0,0.5,"put,x=2,y=0,piece_index=2,direction1=Z,direction2=X",
1,9,1,F,49,1.0,1.0,0.75,0.0,0.25,"put,x=1,y=2,piece_index=5,direction1=Y,direction2=Z",1.0
1,10,2,F,547,1.0,1.0,1.0,0.0,0.0,end_phase,1.0
1,11,3,G,624,0.0,0.0,0.0,0.0,0.0,"put,x=2,y=1,piece_index=5,direction1=Y,direction2=X",0.0
1,12,3,F,490,1.0,1.0,1.0,0.0,0.0,"put,x=2,y=0,piece_index=5,direction1=Y,direction2=Z",
1,13,3,G,420,0.0,0.0,0.0,0.0,0.0,"put,x=1,y=2,piece_index=1,direction1=Z,direction2=Y,down_direction=Y",
1,14,3,F,312,1.0,1.0,1.0,0.0,0.0,"put,x=2,y=2,piece_index=3,direction1=Z,direction2=Y",1.0
1,15,3,G,252,0.0,0.0,0.0,0.0,0.0,"put,x=0,y=1,piece_index=1,direction1=Z,direction2=Y",
1,16,3,F,170,1.0,1.0,1.0,0.0,0.0,"put,x=0,y=0,piece_index=3,direction1=Y,direction2=Z",
1,17,3,G,120,0.0,0.0,0.0,0.0,0.0,"put,x=0,y=2,piece_index=1,direction1=X,direction2=Y",
1,18,3,F,56,1.0,1.0,1.0,0.0,0.0,"put,x=1,y=0,piece_index=1,direction1=X,direction2=Y",1.0
1,19,3,G,24,0.0,0.0,0.0,0.0,0.0,"put,x=1,y=1,piece_index=3,direction1=X,direction2=Y",0.0
2,1,1,F,649,1.0,1.0,0.0,0.0,1.0,"put,x=1,y=2,piece_index=7,direction1=Y,direction2=Z",
2,2,1,G,577,1.0,1.0,0.0,0.0,1.0,"put,x=0,y=1,piece_index=7,direction1=Y,direction2=Z",
2,3,1,F,463,1.0,1.0,0.0,0.0,1.0,"put,x=2,y=1,piece_index=7,direction1=Z,direction2=Y",
2,4,1,G,397,1.0,0.5,0.0,0.5,1.0,"put,x=2,y=2,piece_index=8,direction1=X,direction2=Z",
2,5,1,F,301,1.0,1.0,0.0,0.0,1.0,"put,x=1,y=0,piece_index=3,direction1=X,direction2=Y",0.5
2,6,1,G,241,1.0,1.0,0.0,0.0,1.0,"put,x=2,y=0,piece_index=5,direction1=X,direction2=Z",
2,7,1,F,163,1.0,1.0,0.0,0.0,1.0,"put,x=1,y=1,piece_index=5,direction1=Z,direction2=Y",
2,8,1,G,109,1.0,1.0,0.0,0.0,1.0,"put,x=0,y=2,piece_index=7,direction1=Z,direction2=Y",
2,9,1,F,49,1.0,1.0,0.25,0.0,0.75,"put,x=0,y=0,piece_index=1,direction1=Z,direction2=Y",0.5
2,10,2,F,547,1.0,1.0,0.5,0.0,0.5,"put,x=1,y=0,piece_index=4,direction1=Z,direction2=Y",
2,11,2,G,560,0.0,0.0,0.0,0.0,0.0,"put,x=2,y=2,piece_index=6,direction1=Y,direction2=X",
2,12,2,F,361,1.0,1.0,0.75,0.0,0.25,"put,x=1,y=1,piece_index=1,direction1=X,direction2=Y",
2,13,2,G,378,0.0,0.0,0.0,0.0,0.0,"put,x=0,y=0,piece_index=1,direction1=Z,direction2=X",
2,14,2,F,221,1.0,1.0,1.0,0.0,0.0,"put,x=0,y=1,piece_index=4,direction1=Z,direction2=X,down_direction=X",
2,15,2,G,216,0.0,0.0,0.0,0.0,0.0,"put,x=1,y=2,piece_index=5,direction1=Z,direction2=Y,down_direction=Y",
2,16,2,F,113,1.0,1.0,1.0,0.0,0.0,"put,x=2,y=0,piece_index=2,direction1=Z,direction2=X,down_direction=X",
2,17,2,G,90,0.0,0.0,0.0,0.0,0.0,"put,x=0,y=2,piece_index=1,direction1=Z,direction2=Y,down_direction=Y",
2,18,2,F,25,1.0,1.0,1.0,0.0,0.0,"put,x=2,y=1,piece_index=1,direction1=X,direction2=Z,down_direction=X",1.0
2,19,3,G,312,0.0,0.0,0.0,0.0,0.0,"put,x=0,y=1,piece_index=1,direction1=Z,direction2=X,down_direction=X",
2,20,3,F,140,1.0,1.0,1.0,0.0,0.0,"put,x=0,y=2,piece_index=1,direction1=Y,direction2=X",
2,21,3,G,180,0.0,0.0,0.0,0.0,0.0,"put,x=2,y=2,piece_index=1,direction1=X,direction2=Z,down_direction=X",
2,22,3,F,50,1.0,1.0,1.0,0.0,0.0,"put,x=0,y=0,piece_index=0,direction1=X,direction2=Z",
2,23,3,G,80,0.0,0.0,0.0,0.0,0.0,"put,x=1,y=0,piece_index=0,direction1=Y,direction2=Z,down_direction=Y",
2,24,3,G,32,0.0,0.0,0.0,0.0,0.0,"put,x=1,y=1,piece_index=0,direction1=X,direction2=Y",
3,1,1,F,649,1.0,1.0,0.0,0.0,1.0,"put,x=1,y=0,piece_index=1,direction1=Z,direction2=X",
3,2,1,G,577,1.0,1.0,0.0,0.0,1.0,"put,x=2,y=1,piece_index=7,direction1=X,direction2=Z",
3,3,1,F,463,1.0,1.0,0.0,0.0,1.0,"put,x=1,y=2,piece_index=6,direction1=X,direction2=Y",
3,4,1,G,397,1.0,1.0,0.0,0.0,1.0,"put,x=2,y=0,piece_index=1,direction1=Z,direction2=Y",
3,5,1,F,301,1.0,1.0,0.0,0.0,1.0,"put,x=1,y=1,piece_index=8,direction1=Z,direction2=X",
3,6,1,G,241,1.0,1.0,0.0,0.0,1.0,"put,x=0,y=1,piece_index=6,direction1=Z,direction2=Y",
3,7,1,F,163,1.0,1.0,0.0,0.0,1.0,"put,x=2,y=2,piece_index=3,direction1=Z,direction2=X",
3,8,1,G,109,0.75,0.75,0.0,0.0,0.75,"put,x=0,y=2,piece_index=4,direction1=Z,direction2=Y",
3,9,1,F,49,1.0,1.0,0.0,0.0,1.0,"put,x=0,y=0,piece_index=6,direction1=Z,direction2=X",
3,10,2,F,547,1.0,1.0,1.0,0.0,0.0,"put,x=2,y=1,piece_index=1,direction1=X,direction2=Z",
3,11,2,G,560,0.25,0.25,0.0,0.0,0.25,"put,x=0,y=0,piece_index=4,direction1=Z,direction2=Y,down_direction=Y",
3,12,2,F,361,1.0,1.0,0.5,0.0,0.5,"put,x=2,y=0,piece_index=4,direction1=Y,direction2=Z",
3,13,2,G,350,0.0,0.0,0.0,0.0,0.0,"put,x=1,y=0,piece_index=4,direction1=Z,direction2=Y",
3,14,2,F,211,1.0,1.0,1.0,0.0,0.0,"put,x=2,y=2,piece_index=3,direction1=Z,direction2=X",
3,15,2,G,192,0.0,0.0,0.0,0.0,0.0,"put,x=0,y=2,piece_index=5,direction1=Y,direction2=Z",
3,16,2,F,89,1.0,1.0,1.0,0.0,0.0,"put,x=1,y=2,piece_index=2,direction1=Z,direction2=X",
3,17,2,G,70,0.0,0.0,0.0,0.0,0.0,"put,x=0,y=1,piece_index=1,direction1=Z,direction2=X",0.0
3,18,2,F,19,1.0,1.0,1.0,0.0,0.0,end_phase,1.0
3,19,3,G,312,0.0,0.0,0.0,0.0,0.0,"put,x=2,y=1,piece_index=2,direction1=Y,direction2=Z",
3,20,3,F,210,1.0,1.0,1.0,0.0,0.0,"put,x=0,y=2,piece_index=0,direction1=Y,direction2=Z",
3,21,3,G,180,0.0,0.0,0.0,0.0,0.0,"put,x=1,y=2,piece_index=2,direction1=Z,direction2=Y,down_direction=Y",0.0
3,22,3,F,104,1.0,1.0,1.0,0.0,0.0,"put,x=0,y=1,piece_index=1,direction1=Z,direction2=X,down_direction=X",
3,23,3,G,88,0.0,0.0,0.0,0.0,0.0,"put,x=0,y=0,piece_index=0,direction1=Y,direction2=Z,down_direction=Y",0.0
3,24,3,F,34,1.0,1.0,1.0,0.0,0.0,"put,x=1,y=0,piece_index=0,direction1=X,direction2=Z",1.0
3,25,3,G,26,0.0,0.0,0.0,0.0,0.0,"put,x=2,y=2,piece_index=0,direction1=X,direction2=Y",0.0
4,1,1,F,649,1.0,1.0,0.0,0.0,1.0,"put,x=0,y=2,piece_index=5,direction1=Y,direction2=X",
4,2,1,G,577,1.0,1.0,0.0,0.0,1.0,"put,x=1,y=2,piece_index=7,direction1=X,direction2=Y",
4,3,1,F,463,1.0,0.75,0.0,0.25,1.0,"put,x=2,y=2,piece_index=7,direction1=Y,direction2=X",
4,4,1,G,397,0.75,0.75,0.0,0.0,0.75,"put,x=1,y=1,piece_index=8,direction1=X,direction2=Z",
4,5,1,F,301,1.0,1.0,0.0,0.0,1.0,"put,x=2,y=1,piece_index=0,direction1=X,direction2=Y",
4,6,1,G,241,1.0,1.0,0.0,0.0,1.0,"put,x=1,y=0,piece_index=5,direction1=Z,direction2=Y",
4,7,1,F,163,1.0,1.0,0.0,0.0,1.0,"put,x=0,y=0,piece_index=2,direction1=Z,direction2=X",
4,8,1,G,109,1.0,1.0,0.0,0.0,1.0,"put,x=2,y=0,piece_index=5,direction1=Z,direction2=X",
4,9,1,F,49,0.75,0.5,0.0,0.25,0.75,"put,x=0,y=1,piece_index=4,direction1=X,direction2=Z",0.5
4,10,2,F,547,1.0,1.0,0.0,0.0,1.0,"put,x=1,y=2,piece_index=3,direction1=Z,direction2=X",
4,11,2,G,560,1.0,1.0,0.0,0.0,1.0,"put,x=1,y=0,piece_index=7,direction1=Z,direction2=Y",
4,12,2,F,373,1.0,1.0,0.0,0.0,1.0,"put,x=0,y=0,piece_index=2,direction1=X,direction2=Z",
4,13,2,G,364,1.0,1.0,0.0,0.0,1.0,"put,x=0,y=1,piece_index=3,direction1=X,direction2=Z",
4,14,2,F,221,1.0,1.0,0.25,0.0,0.75,"put,x=2,y=0,piece_index=4,direction1=X,direction2=Z,down_direction=X",
4,15,2,G,204,0.75,0.25,0.0,0.5,0.75,"put,x=2,y=2,piece_index=2,direction1=Z,direction2=Y,down_direction=Y",
4,16,2,F,97,1.0,1.0,0.0,0.0,1.0,"put,x=1,y=1,piece_index=0,direction1=Y,direction2=Z",
4,17,2,G,90,0.5,0.25,0.0,0.25,0.5,"put,x=2,y=1,piece_index=0,direction1=X,direction2=Y",
4,18,2,F,31,1.0,1.0,1.0,0.0,0.0,"put,x=0,y=2,piece_index=1,direction1=Y,direction2=Z",
4,19,3,G,312,0.0,0.0,0.0,0.0,0.0,"put,x=2,y=1,piece_index=0,direction1=Z,direction2=Y",
4,20,3,F,140,1.0,1.0,1.0,0.0,0.0,"put,x=2,y=2,piece_index=1,direction1=X,direction2=Z",
4,21,3,G,180,0.0,0.0,0.0,0.0,0.0,"put,x=0,y=2,piece_index=0,direction1=Y,direction2=X",
4,22,3,F,50,1.0,1.0,1.0,0.0,0.0,"put,x=0,y=1,piece_index=0,direction1=X,direction2=Y",
4,23,3,G,84,0.0,0.0,0.0,0.0,0.0,"put,x=1,y=1,piece_index=0,direction1=Y,direction2=Z",0.0
4,24,3,G,36,0.0,0.0,0.0,0.0,0.0,"put,x=0,y=0,piece_index=0,direction1=Z,direction2=Y",
5,1,1,F,649,1.0,1.0,0.0,0.0,1.0,"put,x=1,y=2,piece_index=4,direction1=Z,direction2=Y",
5,2,1,G,577,1.0,1.0,0.0,0.0,1.0,"put,x=0,y=2,piece_index=5,direction1=X,direction2=Z",
5,3,1,F,463,1.0,1.0,0.0,0.0,1.0,"put,x=2,y=2,piece_index=8,direction1=Z,direction2=X",
5,4,1,G,397,1.0,0.5,0.0,0.5,1.0,"put,x=1,y=1,piece_index=3,direction1=Z,direction2=X",
5,5,1,F,301,1.0,1.0,0.25,0.0,0.75,"put,x=2,y=1,piece_index=8,direction1=Y,direction2=Z",
5,6,1,G,241,0.75,0.75,0.0,0.0,0.75,"put,x=0,y=1,piece_index=6,direction1=Y,direction2=Z",0.5
5,7,1,F,163,1.0,1.0,0.5,0.0,0.5,"put,x=2,y=0,piece_index=0,direction1=Z,direction2=Y",
5,8,1,G,109,0.75,0.5,0.0,0.25,0.75,"put,x=1,y=0,piece_index=7,direction1=Y,direction2=Z",
5,9,1,F,49,1.0,1.0,0.5,0.0,0.5,"put,x=0,y=0,piece_index=7,direction1=Y,direction2=X",
5,10,2,F,547,1.0,1.0,0.0,0.0,1.0,"put,x=0,y=0,piece_index=5,direction1=X,direction2=Z",
5,11,2,G,544,0.5,0.25,0.0,0.25,0.5,"put,x=2,y=2,piece_index=1,direction1=Y,direction2=X",
5,12,2,F,349,1.0,1.0,1.0,0.0,0.0,"put,x=0,y=2,piece_index=5,direction1=Z,direction2=Y",
5,13,2,G,336,0.0,0.0,0.0,0.0,0.0,"put,x=2,y=1,piece_index=0,direction1=Z,direction2=X,down_direction=X",
5,14,2,F,201,1.0,1.0,1.0,0.0,0.0,"put,x=1,y=2,piece_index=1,direction1=X,direction2=Y",
5,15,2,G,192,0.0,0.0,0.0,0.0,0.0,"put,x=0,y=1,piece_index=2,direction1=X,direction2=Z,down_direction=X",
5,16,2,F,97,1.0,1.0,1.0,0.0,0.0,"put,x=1,y=0,piece_index=0,direction1=Y,direction2=Z",1.0
5,17,2,G,80,0.0,0.0,0.0,0.0,0.0,"put,x=1,y=1,piece_index=4,direction1=X,direction2=Z",
5,18,2,F,31,1.0,1.0,1.0,0.0,0.0,"put,x=2,y=0,piece_index=0,direction1=Y,direction2=X",1.0
5,19,3,G,312,0.0,0.0,0.0,0.0,0.0,"put,x=2,y=0,piece_index=2,direction1=Z,direction2=Y",
5,20,3,F,136,1.0,1.0,1.0,0.0,0.0,"put,x=0,y=0,piece_index=1,direction1=Y,direction2=X",
5,21,3,G,174,0.0,0.0,0.0,0.0,0.0,"put,x=0,y=1,piece_index=2,direction1=Z,direction2=X,down_direction=X",
5,22,3,F,50,1.0,1.0,1.0,0.0,0.0,"put,x=1,y=1,piece_index=0,direction1=Z,direction2=Y",
5,23,3,G,88,0.0,0.0,0.0,0.0,0.0,"put,x=1,y=2,piece_index=1,direction1=Z,direction2=Y",
5,24,3,G,36,0.0,0.0,0.0,0.0,0.0,"put,x=2,y=2,piece_index=0,direction1=Z,direction2=X",0.0
6,1,1,F,649,1.0,1.0,0.0,0.0,1.0,"put,x=0,y=1,piece_index=2,direction1=Z,direction2=Y",
6,2,1,G,577,1.0,1.0,0.0,0.0,1.0,"put,x=1,y=1,piece_index=8,direction1=X,direction2=Z",
6,3,1,F,463,1.0,1.0,0.0,0.0,1.0,"put,x=2,y=2,piece_index=7,direction1=Y,direction2=X",
6,4,1,G,397,1.0,1.0,0.0,0.0,1.0,"put,x=2,y=0,piece_index=2,direction1=Z,direction2=X",
6,5,1,F,301,1.0,1.0,0.0,0.0,1.0,"put,x=0,y=0,piece_index=0,direction1=Y,direction2=Z",
6,6,1,G,241,1.0,1.0,0.0,0.0,1.0,"put,x=0,y=2,piece_index=9,direction1=X,direction2=Z",
6,7,1,F,163,1.0,1.0,0.0,0.0,1.0,"put,x=1,y=0,piece_index=4,direction1=Y,direction2=Z",
6,8,1,G,109,1.0,1.0,0.0,0.0,1.0,"put,x=1,y=2,piece_index=5,direction1=Y,direction2=Z",
6,9,1,F,49,1.0,1.0,0.0,0.0,1.0,"put,x=2,y=1,piece_index=3,direction1=X,direction2=Y",
6,10,2,F,547,1.0,1.0,0.25,0.0,0.75,"put,x=2,y=0,piece_index=3,direction1=Y,direction2=Z",
6,11,2,G,544,0.75,0.5,0.0,0.25,0.75,"put,x=0,y=1,piece_index=5,direction1=X,direction2=Z,down_direction=X",
6,12,2,F,361,1.0,1.0,0.5,0.0,0.5,"put,x=2,y=1,piece_index=5,direction1=Z,direction2=Y",
6,13,2,G,364,0.5,0.25,0.0,0.25,0.5,"put,x=2,y=2,piece_index=3,direction1=Z,direction2=Y,down_direction=Y",
6,14,2,F,211,1.0,1.0,0.5,0.0,0.5,"put,x=1,y=1,piece_index=1,direction1=Y,direction2=Z",
6,15,2,G,216,0.5,0.25,0.0,0.25,0.5,"put,x=0,y=0,piece_index=5,direction1=Z,direction2=Y,down_direction=Y",
6,16,2,F,105,1.0,1.0,1.0,0.0,0.0,"put,x=1,y=2,piece_index=0,direction1=X,direction2=Z",
6,17,2,G,90,0.0,0.0,0.0,0.0,0.0,"put,x=0,y=2,piece_index=4,direction1=Z,direction2=Y",
6,18,2,F,25,1.0,1.0,1.0,0.0,0.0,"put,x=1,y=0,piece_index=0,direction1=X,direction2=Z",1.0
6,19,3,G,312,0.0,0.0,0.0,0.0,0.0,"put,x=2,y=0,piece_index=0,direction1=Y,direction2=Z",
6,20,3,F,136,1.0,1.0,1.0,0.0,0.0,"put,x=2,y=1,piece_index=0,direction1=X,direction2=Y",
6,21,3,G,180,0.0,0.0,0.0,0.0,0.0,"put,x=0,y=1,piece_index=0,direction1=Y,direction2=Z",
6,22,3,F,52,1.0,1.0,1.0,0.0,0.0,"put,x=0,y=2,piece_index=0,direction1=Z,direction2=Y",
6,23,3,G,84,0.0,0.0,0.0,0.0,0.0,"put,x=2,y=2,piece_index=1,direction1=Z,direction2=X,down_direction=X",
6,24,3,G,32,0.0,0.0,0.0,0.0,0.0,"put,x=1,y=0,piece_index=0,direction1=X,direction2=Z",
7,1,1,F,649,1.0,1.0,0.0,0.0,1.0,"put,x=0,y=2,piece_index=7,direction1=Y,direction2=Z",
7,2,1,G,577,1.0,1.0,0.0,0.0,1.0,"put,x=2,y=0,piece_index=11,direction1=Y,direction2=Z",
7,3,1,F,463,1.0,1.0,0.5,0.0,0.5,"put,x=2,y=2,piece_index=1,direction1=X,direction2=Y",
7,4,1,G,397,1.0,0.5,0.0,0.5,1.0,"put,x=0,y=0,piece_index=0,direction1=Z,direction2=Y",0.0
7,5,1,F,301,1.0,1.0,0.0,0.0,1.0,"put,x=1,y=1,piece_index=5,direction1=Z,direction2=Y",
7,6,1,G,241,0.5,0.5,0.0,0.0,0.5,"put,x=2,y=1,piece_index=2,direction1=X,direction2=Z",
7,7,1,F,163,1.0,1.0,0.0,0.0,1.0,"put,x=0,y=1,piece_index=8,direction1=X,direction2=Y",
7,8,1,G,109,0.5,0.25,0.0,0.25,0.5,"put,x=1,y=2,piece_index=6,direction1=Z,direction2=X",0.25
7,9,1,F,49,1.0,1.0,0.0,0.0,1.0,"put,x=1,y=0,piece_index=6,direction1=Z,direction2=X",
7,10,2,F,547,1.0,1.0,0.75,0.0,0.25,end_phase,1.0
7,11,3,G,624,0.0,0.0,0.0,0.0,0.0,"put,x=0,y=0,piece_index=3,direction1=Y,direction2=Z,down_direction=Y",
7,12,3,F,476,1.0,1.0,1.0,0.0,0.0,"put,x=0,y=2,piece_index=3,direction1=Y,direction2=X",
7,13,3,G,406,0.0,0.0,0.0,0.0,0.0,"put,x=2,y=0,piece_index=2,direction1=Z,direction2=X",
7,14,3,F,288,1.0,1.0,1.0,0.0,0.0,"put,x=2,y=2,piece_index=4,direction1=Y,direction2=Z,down_direction=Y",
7,15,3,G,228,0.0,0.0,0.0,0.0,0.0,"put,x=0,y=1,piece_index=1,direction1=Z,direction2=Y",
7,16,3,F,150,1.0,1.0,1.0,0.0,0.0,"put,x=2,y=1,piece_index=3,direction1=Z,direction2=X,down_direction=X",
7,17,3,G,110,0.0,0.0,0.0,0.0,0.0,"put,x=1,y=0,piece_index=0,direction1=Y,direction2=X",
7,18,3,F,56,1.0,1.0,1.0,0.0,0.0,"put,x=1,y=2,piece_index=0,direction1=X,direction2=Z",1.0
7,19,3,G,24,0.0,0.0,0.0,0.0,0.0,"put,x=1,y=1,piece_index=0,direction1=X,direction2=Z",0.0
8,1,1,F,649,1.0,1.0,0.0,0.0,1.0,"put,x=0,y=1,piece_index=7,direction1=X,direction2=Z",
8,2,1,G,577,1.0,1.0,0.0,0.0,1.0,"put,x=2,y=2,piece_index=5,direction1=X,direction2=Y",
8,3,1,F,463,1.0,1.0,0.0,0.0,1.0,"put,x=1,y=1,piece_index=2,direction1=Z,direction2=X",
8,4,1,G,397,1.0,0.5,0.0,0.5,1.0,"put,x=2,y=1,piece_index=2,direction1=Y,direction2=X",
8,5,1,F,301,1.0,1.0,0.0,0.0,1.0,"put,x=1,y=2,piece_index=0,direction1=Z,direction2=X",
8,6,1,G,241,1.0,1.0,0.0,0.0,1.0,"put,x=0,y=2,piece_index=4,direction1=Y,direction2=X",0.5
8,7,1,F,163,1.0,1.0,0.0,0.0,1.0,"put,x=1,y=0,piece_index=2,direction1=Y,direction2=Z",
8,8,1,G,109,1.0,0.75,0.0,0.25,1.0,"put,x=0,y=0,piece_index=6,direction1=Y,direction2=X",
8,9,1,F,49,1.0,1.0,0.0,0.0,1.0,"put,x=2,y=0,piece_index=6,direction1=Y,direction2=X",
8,10,2,F,547,1.0,1.0,0.5,0.0,0.5,"put,x=2,y=2,piece_index=3,direction1=Z,direction2=X,down_direction=X",
8,11,2,G,544,0.25,0.0,0.0,0.25,0.25,"put,x=2,y=1,piece_index=4,direction1=X,direction2=Z,down_direction=X",
8,12,2,F,361,1.0,1.0,0.75,0.0,0.25,"put,x=1,y=0,piece_index=4,direction1=Z,direction2=Y",
8,13,2,G,364,0.0,0.0,0.0,0.0,0.0,"put,x=0,y=1,piece_index=1,direction1=X,direction2=Y",0.0
8,14,2,F,221,1.0,1.0,1.0,0.0,0.0,"put,x=0,y=2,piece_index=3,direction1=Z,direction2=X",
8,15,2,G,204,0.0,0.0,0.0,0.0,0.0,"put,x=0,y=0,piece_index=4,direction1=Z,direction2=X",
8,16,2,F,97,1.0,1.0,1.0,0.0,0.0,"put,x=2,y=0,piece_index=0,direction1=Y,direction2=Z",
8,17,2,G,70,0.0,0.0,0.0,0.0,0.0,"put,x=1,y=2,piece_index=4,direction1=Z,direction2=Y,down_direction=Y",
8,18,2,F,19,1.0,1.0,1.0,0.0,0.0,"put,x=1,y=1,piece_index=2,direction1=X,direction2=Z",1.0
8,19,3,G,312,0.0,0.0,0.0,0.0,0.0,"put,x=0,y=1,piece_index=3,direction1=X,direction2=Z,down_direction=X",
8,20,3,F,140,1.0,1.0,1.0,0.0,0.0,"put,x=1,y=2,piece_index=0,direction1=Y,direction2=Z",1.0
8,21,3,G,186,0.0,0.0,0.0,0.0,0.0,"put,x=0,y=0,piece_index=2,direction1=Z,direction2=X,down_direction=X",
8,22,3,F,52,1.0,1.0,1.0,0.0,0.0,"put,x=2,y=2,piece_index=0,direction1=X,direction2=Z",
8,23,3,G,84,0.0,0.0,0.0,0.0,0.0,"put,x=1,y=0,piece_index=0,direction1=Y,direction2=Z",
8,24,3,G,34,0.0,0.0,0.0,0.0,0.0,"put,x=1,y=1,piece_index=0,direction1=Z,direction2=Y",
9,1,1,F,649,1.0,1.0,0.0,0.0,1.0,"put,x=0,y=2,piece_index=9,direction1=Z,direction2=Y",
9,2,1,G,577,1.0,0.75,0.0,0.25,1.0,"put,x=0,y=0,piece_index=7,direction1=Y,direction2=X",
9,3,1,F,463,1.0,1.0,0.0,0.0,1.0,"put,x=1,y=1,piece_index=3,direction1=X,direction2=Z",
9,4,1,G,397,1.0,0.75,0.0,0.25,1.0,"put,x=1,y=2,piece_index=0,direction1=Y,direction2=X",
9,5,1,F,301,1.0,1.0,0.0,0.0,1.0,"put,x=1,y=0,piece_index=4,direction1=Z,direction2=X",
9,6,1,G,241,1.0,0.5,0.0,0.5,1.0,"put,x=2,y=0,piece_index=5,direction1=X,direction2=Y",0.5
9,7,1,F,163,1.0,1.0,0.0,0.0,1.0,"put,x=2,y=1,piece_index=1,direction1=Z,direction2=Y",
9,8,1,G,109,0.5,0.5,0.0,0.0,0.5,"put,x=2,y=2,piece_index=1,direction1=Z,direction2=Y",
9,9,1,F,49,1.0,1.0,0.25,0.0,0.75,"put,x=0,y=1,piece_index=1,direction1=Z,direction2=Y",0.5
9,10,2,F,547,1.0,1.0,1.0,0.0,0.0,"put,x=0,y=0,piece_index=4,direction1=Z,direction2=X,down_direction=X",
9,11,2,G,544,0.0,0.0,0.0,0.0,0.0,"put,x=0,y=1,piece_index=7,direction1=Z,direction2=X",
9,12,2,F,361,1.0,1.0,1.0,0.0,0.0,"put,x=0,y=2,piece_index=5,direction1=Y,direction2=Z",
9,13,2,G,350,0.0,0.0,0.0,0.0,0.0,"put,x=2,y=1,piece_index=4,direction1=X,direction2=Z",
9,14,2,F,211,1.0,1.0,1.0,0.0,0.0,"put,x=1,y=0,piece_index=3,direction1=Y,direction2=X",
9,15,2,G,204,0.0,0.0,0.0,0.0,0.0,"put,x=1,y=1,piece_index=4,direction1=Z,direction2=X",
9,16,2,F,113,1.0,1.0,1.0,0.0,0.0,"put,x=1,y=2,piece_index=2,direction1=Z,direction2=Y,down_direction=Y",1.0
9,17,2,G,100,0.0,0.0,0.0,0.0,0.0,"put,x=2,y=2,piece_index=1,direction1=Y,direction2=Z,down_direction=Y",
9,18,2,F,31,1.0,1.0,1.0,0.0,0.0,"put,x=2,y=0,piece_index=0,direction1=Z,direction2=Y,down_direction=Y",1.0
9,19,3,G,312,0.0,0.0,0.0,0.0,0.0,"put,x=1,y=1,piece_index=0,direction1=Z,direction2=X",0.0
9,20,3,F,144,1.0,1.0,1.0,0.0,0.0,"put,x=2,y=2,piece_index=1,direction1=X,direction2=Z",
9,21,3,G,186,0.0,0.0,0.0,0.0,0.0,"put,x=0,y=2,piece_index=1,direction1=Y,direction2=Z,down_direction=Y",
9,22,3,F,52,1.0,1.0,1.0,0.0,0.0,"put,x=1,y=0,piece_index=0,direction1=X,direction2=Y",1.0
9,23,3,G,88,0.0,0.0,0.0,0.0,0.0,"put,x=0,y=0,piece_index=1,direction1=Z,direction2=X,down_direction=X",
9,24,3,G,34,0.0,0.0,0.0,0.0,0.0,"put,x=0,y=1,piece_index=0,direction1=X,direction2=Z,down_direction=X",
10,1,1,F,649,1.0,1.0,0.0,0.0,1.0,"put,x=0,y=2,piece_index=0,direction1=Z,direction2=Y",
10,2,1,G,577,1.0,1.0,0.0,0.0,1.0,"put,x=2,y=0,piece_index=4,direction1=X,direction2=Y",
10,3,1,F,463,1.0,1.0,0.0,0.0,1.0,"put,x=0,y=0,piece_index=2,direction1=Z,direction2=Y",
10,4,1,G,397,1.0,1.0,0.0,0.0,1.0,"put,x=2,y=1,piece_index=2,direction1=Z,direction2=X",
10,5,1,F,301,1.0,1.0,0.0,0.0,1.0,"put,x=2,y=2,piece_index=3,direction1=X,direction2=Y",
10,6,1,G,241,1.0,1.0,0.0,0.0,1.0,"put,x=1,y=1,piece_index=9,direction1=Y,direction2=X",
10,7,1,F,163,1.0,1.0,0.0,0.0,1.0,"put,x=1,y=2,piece_index=7,direction1=Z,direction2=Y",
10,8,1,G,109,1.0,0.75,0.0,0.25,1.0,"put,x=1,y=0,piece_index=8,direction1=Z,direction2=Y",0.5
10,9,1,F,49,1.0,1.0,0.0,0.0,1.0,"put,x=0,y=1,piece_index=4,direction1=Z,direction2=Y",
10,10,2,F,547,1.0,1.0,0.5,0.0,0.5,"put,x=2,y=2,piece_index=4,direction1=Z,direction2=X",
10,11,2,G,544,0.5,0.5,0.0,0.0,0.5,"put,x=1,y=1,piece_index=0,direction1=X,direction2=Y",
10,12,2,F,373,1.0,1.0,0.5,0.0,0.5,"put,x=0,y=1,piece_index=5,direction1=X,direction2=Z",
10,13,2,G,378,0.0,0.0,0.0,0.0,0.0,"put,x=2,y=1,piece_index=6,direction1=X,direction2=Z",
10,14,2,F,231,1.0,1.0,1.0,0.0,0.0,"put,x=1,y=0,piece_index=0,direction1=Z,direction2=Y,down_direction=Y",
10,15,2,G,228,0.0,0.0,0.0,0.0,0.0,"put,x=1,y=2,piece_index=4,direction1=Y,direction2=Z",
10,16,2,F,121,1.0,1.0,1.0,0.0,0.0,"put,x=2,y=0,piece_index=2,direction1=Z,direction2=X,down_direction=X",
10,17,2,G,100,0.0,0.0,0.0,0.0,0.0,"put,x=0,y=0,piece_index=2,direction1=Y,direction2=Z,down_direction=Y",
10,18,2,F,31,1.0,1.0,1.0,0.0,0.0,"put,x=0,y=2,piece_index=1,direction1=Y,direction2=X",1.0
10,19,3,G,312,0.0,0.0,0.0,0.0,0.0,"put,x=1,y=2,piece_index=0,direction1=Y,direction2=Z",
10,20,3,F,140,1.0,1.0,1.0,0.0,0.0,"put,x=0,y=0,piece_index=1,direction1=X,direction2=Y",
10,21,3,G,180,0.0,0.0,0.0,0.0,0.0,"put,x=0,y=2,piece_index=1,direction1=X,direction2=Z",
10,22,3,F,50,1.0,1.0,1.0,0.0,0.0,"put,x=1,y=1,piece_index=0,direction1=X,direction2=Y",1.0
10,23,3,G,88,0.0,0.0,0.0,0.0,0.0,"put,x=2,y=0,piece_index=0,direction1=Y,direction2=Z,down_direction=Y",
10,24,3,G,34,0.0,0.0,0.0,0.0,0.0,"put,x=2,y=2,piece_index=0,direction1=Z,direction2=X,down_direction=X",0.0
