game_id,decision_no,player,phase,empty_cells,legal_actions,action_kind,x,y,direction1,direction2,down_direction,ai,evaluated_candidates,selected_win_rate,selected_score_margin,best_win_rate,second_best_win_rate,best_win_rate_gap
1,1,F,1,9,649,put,0,0,Y,Z,,random,,,,,,
1,2,G,1,8,577,put,1,1,Y,Z,,monte_carlo,24,0.65,1.3,0.65,0.6,0.050000000000000044
1,3,F,1,7,463,put,1,0,Z,X,,random,,,,,,
1,4,G,1,6,397,put,1,2,Z,X,,monte_carlo,24,0.6,0.4,0.6,0.6,0.0
1,5,F,1,5,301,put,2,0,X,Z,,random,,,,,,
1,6,G,1,4,241,put,0,1,X,Y,,monte_carlo,24,0.8,1.4,0.8,0.7,0.10000000000000009
1,7,F,1,3,163,put,0,2,Y,X,,random,,,,,,
1,8,G,1,2,109,put,2,2,X,Z,,monte_carlo,24,1.0,6.2,1.0,1.0,0.0
1,9,F,1,1,49,put,2,1,Z,X,,random,,,,,,
1,10,F,2,9,547,put,2,1,Z,Y,,random,,,,,,
1,11,G,2,8,560,put,0,2,Z,X,,monte_carlo,24,0.95,2.9,0.95,0.9,0.04999999999999993
1,12,F,2,7,361,put,2,0,X,Y,,random,,,,,,
1,13,G,2,6,350,put,2,2,Z,Y,,monte_carlo,24,1.0,4.8,1.0,1.0,0.0
1,14,F,2,5,201,put,1,1,X,Z,,random,,,,,,
1,15,G,2,4,204,put,0,0,X,Z,X,monte_carlo,24,1.0,6.3,1.0,1.0,0.0
1,16,F,2,3,97,put,1,0,Y,Z,,random,,,,,,
1,17,G,2,2,80,put,0,1,Z,Y,,monte_carlo,24,1.0,8.8,1.0,1.0,0.0
1,18,F,2,1,25,put,1,2,Y,Z,,random,,,,,,
1,19,G,3,9,312,put,0,2,X,Z,X,monte_carlo,24,1.0,12.2,1.0,1.0,0.0
1,20,F,3,8,136,put,0,0,Z,Y,Y,random,,,,,,
1,21,G,3,7,174,put,2,1,X,Z,,monte_carlo,24,1.0,12.3,1.0,1.0,0.0
1,22,F,3,6,50,put,1,2,Z,Y,,random,,,,,,
1,23,G,3,5,84,put,2,0,X,Z,X,monte_carlo,24,1.0,13.5,1.0,1.0,0.0
1,24,G,3,4,32,put,1,0,X,Z,,monte_carlo,24,1.0,14.0,1.0,1.0,0.0
2,1,F,1,9,649,put,0,1,X,Z,,random,,,,,,
2,2,G,1,8,577,put,0,2,Z,Y,,monte_carlo,24,0.8,2.4,0.8,0.8,0.0
2,3,F,1,7,463,put,2,0,Z,Y,,random,,,,,,
2,4,G,1,6,397,put,1,0,Z,X,,monte_carlo,24,0.8,1.9,0.8,0.75,0.050000000000000044
2,5,F,1,5,301,put,0,0,Z,X,,random,,,,,,
2,6,G,1,4,241,put,1,2,Y,X,,monte_carlo,24,0.75,2.1,0.75,0.7,0.050000000000000044
2,7,F,1,3,163,put,2,1,Z,Y,,random,,,,,,
2,8,G,1,2,109,put,1,1,X,Z,,monte_carlo,24,0.9,2.4,0.9,0.75,0.15000000000000002
2,9,F,1,1,49,put,2,2,X,Y,,random,,,,,,
2,10,F,2,9,547,put,2,0,Y,X,,random,,,,,,
2,11,G,2,8,544,put,2,2,Z,X,X,monte_carlo,24,1.0,4.9,1.0,0.95,0.050000000000000044
2,12,F,2,7,349,put,0,0,X,Z,X,random,,,,,,
2,13,G,2,6,336,put,0,2,X,Y,,monte_carlo,24,1.0,7.4,1.0,1.0,0.0
2,14,F,2,5,191,put,1,0,X,Z,,random,,,,,,
2,15,G,2,4,180,put,1,2,Z,X,,monte_carlo,24,1.0,7.6,1.0,1.0,0.0
2,16,F,2,3,89,put,0,1,Y,X,,random,,,,,,
2,17,G,2,2,70,put,2,1,Z,Y,,monte_carlo,24,1.0,9.0,1.0,1.0,0.0
2,18,F,2,1,19,put,1,1,X,Y,,random,,,,,,
2,19,G,3,9,312,put,2,0,Z,X,,monte_carlo,24,1.0,8.9,1.0,1.0,0.0
2,20,F,3,8,136,put,2,1,Y,X,,random,,,,,,
2,21,G,3,7,180,put,0,0,X,Z,,monte_carlo,24,1.0,9.0,1.0,1.0,0.0
2,22,F,3,6,50,put,2,2,Z,X,X,random,,,,,,
2,23,G,3,5,80,put,0,1,Y,X,,monte_carlo,24,1.0,9.5,1.0,1.0,0.0
2,24,G,3,4,32,put,1,0,Y,Z,Y,monte_carlo,24,1.0,10.0,1.0,1.0,0.0
3,1,F,1,9,649,put,2,2,Z,Y,,random,,,,,,
3,2,G,1,8,577,put,1,2,Y,X,,monte_carlo,24,0.65,0.8,0.65,0.65,0.0
3,3,F,1,7,463,put,0,2,X,Y,,random,,,,,,
3,4,G,1,6,397,put,0,1,X,Z,,monte_carlo,24,0.7,1.2,0.7,0.65,0.04999999999999993
3,5,F,1,5,301,put,0,0,Z,Y,,random,,,,,,
3,6,G,1,4,241,end_phase,,,,,,monte_carlo,24,0.9,4.5,0.9,0.75,0.15000000000000002
3,7,F,2,9,703,put,0,2,X,Z,X,random,,,,,,
3,8,G,2,8,680,put,2,0,X,Y,,monte_carlo,24,1.0,4.3,1.0,1.0,0.0
3,9,F,2,7,465,put,2,2,X,Z,X,random,,,,,,
3,10,G,2,6,432,put,0,0,X,Z,X,monte_carlo,24,1.0,7.8,1.0,1.0,0.0
3,11,F,2,5,267,put,1,1,Y,Z,,random,,,,,,
3,12,G,2,4,256,put,1,0,Z,Y,,monte_carlo,24,1.0,7.8,1.0,1.0,0.0
3,13,F,2,3,145,put,0,1,X,Z,,random,,,,,,
3,14,G,2,2,112,put,1,2,Y,Z,,monte_carlo,24,1.0,10.2,1.0,1.0,0.0
3,15,F,2,1,41,put,2,1,X,Y,,random,,,,,,
3,16,G,3,9,468,put,2,1,Z,X,X,monte_carlo,24,1.0,10.0,1.0,1.0,0.0
3,17,F,3,8,280,put,2,0,Y,X,,random,,,,,,
3,18,G,3,7,300,put,0,0,Z,Y,Y,monte_carlo,24,1.0,11.0,1.0,1.0,0.0
3,19,F,3,6,150,put,2,2,X,Y,,random,,,,,,
3,20,G,3,5,160,put,0,1,Y,Z,,monte_carlo,24,1.0,12.7,1.0,1.0,0.0
3,21,F,3,4,64,put,0,2,Z,Y,Y,random,,,,,,
3,22,G,3,3,66,put,1,0,X,Y,,monte_carlo,24,1.0,13.9,1.0,1.0,0.0
3,23,F,3,2,14,put,1,1,Z,Y,,random,,,,,,
3,24,G,3,1,16,put,1,2,X,Z,,monte_carlo,16,1.0,15.0,1.0,1.0,0.0
4,1,F,1,9,649,put,0,1,Z,X,,random,,,,,,
4,2,G,1,8,577,put,1,2,X,Y,,monte_carlo,24,0.65,0.4,0.65,0.6,0.050000000000000044
4,3,F,1,7,463,put,2,0,Y,Z,,random,,,,,,
4,4,G,1,6,397,end_phase,,,,,,monte_carlo,24,0.9,3.9,0.9,0.75,0.15000000000000002
4,5,F,2,9,781,put,1,1,X,Y,,random,,,,,,
4,6,G,2,8,792,put,0,0,Z,Y,Y,monte_carlo,24,1.0,5.0,1.0,1.0,0.0
4,7,F,2,7,559,put,2,0,Y,Z,Y,random,,,,,,
4,8,G,2,6,520,put,0,1,Y,X,,monte_carlo,24,1.0,7.8,1.0,1.0,0.0
4,9,F,2,5,353,put,2,1,Y,X,,random,,,,,,
4,10,G,2,4,324,put,2,2,X,Y,,monte_carlo,24,1.0,8.4,1.0,1.0,0.0
4,11,F,2,3,183,put,1,2,Y,Z,Y,random,,,,,,
4,12,G,2,2,144,put,1,0,X,Y,,monte_carlo,24,1.0,9.7,1.0,1.0,0.0
4,13,F,2,1,61,put,0,2,Y,X,,random,,,,,,
4,14,G,3,9,546,put,1,1,Z,X,,monte_carlo,24,1.0,9.2,1.0,1.0,0.0
4,15,F,3,8,360,put,0,0,Y,Z,,random,,,,,,
4,16,G,3,7,372,put,2,0,Y,Z,,monte_carlo,24,1.0,8.8,1.0,1.0,0.0
4,17,F,3,6,208,put,0,1,Y,Z,,random,,,,,,
4,18,G,3,5,220,put,1,2,X,Z,,monte_carlo,24,1.0,9.8,1.0,1.0,0.0
4,19,F,3,4,108,put,2,1,Z,X,X,random,,,,,,
4,20,G,3,3,112,put,0,2,Z,Y,,monte_carlo,24,1.0,10.4,1.0,1.0,0.0
4,21,F,3,2,36,put,2,2,X,Z,X,random,,,,,,
4,22,G,3,1,24,put,1,0,X,Y,,monte_carlo,24,1.0,11.0,1.0,1.0,0.0
5,1,F,1,9,649,put,2,2,Y,Z,,random,,,,,,
5,2,G,1,8,577,put,0,2,X,Z,,monte_carlo,24,0.85,2.9,0.85,0.8,0.04999999999999993
5,3,F,1,7,463,put,0,0,Z,X,,random,,,,,,
5,4,G,1,6,397,put,2,1,Y,X,,monte_carlo,24,0.8,1.6,0.8,0.7,0.10000000000000009
5,5,F,1,5,301,put,1,1,Y,Z,,random,,,,,,
5,6,G,1,4,241,put,1,2,Z,Y,,monte_carlo,24,0.85,3.2,0.85,0.8,0.04999999999999993
5,7,F,1,3,163,put,0,1,Y,Z,,random,,,,,,
5,8,G,1,2,109,put,1,0,X,Y,,monte_carlo,24,0.75,2.9,0.75,0.65,0.09999999999999998
5,9,F,1,1,49,put,2,0,X,Y,,random,,,,,,
5,10,F,2,9,547,put,0,0,Z,Y,,random,,,,,,
5,11,G,2,8,544,put,2,0,X,Z,,monte_carlo,24,0.75,1.4,0.75,0.6,0.15000000000000002
5,12,F,2,7,349,put,1,1,Y,Z,,random,,,,,,
5,13,G,2,6,364,put,2,1,Z,X,X,monte_carlo,24,0.9,2.2,0.9,0.8,0.09999999999999998
5,14,F,2,5,221,put,0,2,Z,X,X,random,,,,,,
5,15,G,2,4,204,put,1,0,Z,Y,Y,monte_carlo,24,0.8,1.5,0.8,0.75,0.050000000000000044
5,16,F,2,3,105,end_phase,,,,,,random,,,,,,
5,17,G,3,9,390,put,0,1,Y,Z,,monte_carlo,24,1.0,3.6,1.0,1.0,0.0
5,18,F,3,8,280,put,2,2,X,Z,,random,,,,,,
5,19,G,3,7,240,put,0,2,Z,X,,monte_carlo,24,1.0,5.0,1.0,1.0,0.0
5,20,F,3,6,150,put,2,0,Y,Z,Y,random,,,,,,
5,21,G,3,5,120,put,0,0,Z,Y,,monte_carlo,24,1.0,5.0,1.0,1.0,0.0
5,22,F,3,4,60,put,2,1,Z,Y,,random,,,,,,
5,23,G,3,3,44,put,1,2,Y,X,,monte_carlo,24,1.0,5.1,1.0,1.0,0.0
5,24,F,3,2,14,put,1,1,Z,X,,random,,,,,,
5,25,G,3,1,8,put,1,0,X,Z,,monte_carlo,8,1.0,7.0,1.0,1.0,0.0
6,1,F,1,9,649,put,0,2,Z,Y,,random,,,,,,
6,2,G,1,8,577,put,0,1,Z,X,,monte_carlo,24,0.7,1.9,0.7,0.6,0.09999999999999998
6,3,F,1,7,463,put,2,0,Z,Y,,random,,,,,,
6,4,G,1,6,397,put,1,2,Z,X,,monte_carlo,24,0.85,3.0,0.85,0.7,0.15000000000000002
6,5,F,1,5,301,put,2,2,X,Y,,random,,,,,,
6,6,G,1,4,241,put,2,1,Z,Y,,monte_carlo,24,0.8,2.6,0.8,0.75,0.050000000000000044
6,7,F,1,3,163,put,1,0,Z,Y,,random,,,,,,
6,8,G,1,2,109,put,1,1,Z,Y,,monte_carlo,24,1.0,5.8,1.0,0.9,0.09999999999999998
6,9,F,1,1,49,put,0,0,Y,Z,,random,,,,,,
6,10,F,2,9,547,put,0,2,X,Y,,random,,,,,,
6,11,G,2,8,544,put,2,0,X,Z,X,monte_carlo,24,1.0,6.6,1.0,1.0,0.0
6,12,F,2,7,349,put,0,0,Z,Y,,random,,,,,,
6,13,G,2,6,336,put,1,2,X,Z,,monte_carlo,24,1.0,7.4,1.0,1.0,0.0
6,14,F,2,5,201,put,1,1,Y,Z,,random,,,,,,
6,15,G,2,4,204,put,0,1,X,Y,,monte_carlo,24,1.0,8.8,1.0,1.0,0.0
6,16,F,2,3,105,put,2,1,Z,Y,,random,,,,,,
6,17,G,2,2,90,put,2,2,Z,Y,Y,monte_carlo,24,1.0,10.3,1.0,1.0,0.0
6,18,F,2,1,25,put,1,0,X,Y,,random,,,,,,
6,19,G,3,9,312,put,2,0,Z,X,X,monte_carlo,24,1.0,9.2,1.0,1.0,0.0
6,20,F,3,8,136,put,2,2,X,Z,,random,,,,,,
6,21,G,3,7,174,put,0,1,Y,X,,monte_carlo,24,1.0,10.4,1.0,1.0,0.0
6,22,F,3,6,50,put,1,2,Y,X,,random,,,,,,
6,23,G,3,5,84,put,0,0,X,Z,,monte_carlo,24,1.0,11.1,1.0,1.0,0.0
6,24,G,3,4,32,put,0,2,Z,Y,Y,monte_carlo,24,1.0,12.0,1.0,1.0,0.0
7,1,F,1,9,649,put,1,0,X,Z,,random,,,,,,
7,2,G,1,8,577,put,0,2,Z,Y,,monte_carlo,24,0.5,0.4,0.5,0.5,0.0
7,3,F,1,7,463,put,2,1,Y,Z,,random,,,,,,
7,4,G,1,6,397,put,2,0,Y,X,,monte_carlo,24,0.8,1.2,0.8,0.65,0.15000000000000002
7,5,F,1,5,301,put,2,2,Z,Y,,random,,,,,,
7,6,G,1,4,241,put,0,0,Y,X,,monte_carlo,24,0.7,1.6,0.7,0.7,0.0
7,7,F,1,3,163,put,1,1,Y,Z,,random,,,,,,
7,8,G,1,2,109,put,0,1,Z,X,,monte_carlo,24,0.9,3.8,0.9,0.85,0.050000000000000044
7,9,F,1,1,49,put,1,2,Z,Y,,random,,,,,,
7,10,F,2,9,547,put,1,1,Y,Z,,random,,,,,,
7,11,G,2,8,576,put,2,0,Z,Y,Y,monte_carlo,24,0.85,1.6,0.85,0.8,0.04999999999999993
7,12,F,2,7,373,put,0,1,X,Z,,random,,,,,,
7,13,G,2,6,378,put,0,0,Z,X,X,monte_carlo,24,1.0,4.1,1.0,0.95,0.050000000000000044
7,14,F,2,5,221,put,2,2,Y,Z,Y,random,,,,,,
7,15,G,2,4,204,put,2,1,Y,X,,monte_carlo,24,1.0,4.3,1.0,1.0,0.0
7,16,F,2,3,105,put,1,0,X,Z,,random,,,,,,
7,17,G,2,2,90,put,0,2,Y,X,,monte_carlo,24,1.0,5.7,1.0,1.0,0.0
7,18,F,2,1,25,put,1,2,Z,Y,,random,,,,,,
7,19,G,3,9,312,put,2,2,Z,X,X,monte_carlo,24,1.0,8.2,1.0,1.0,0.0
7,20,F,3,8,136,put,0,2,Z,Y,,random,,,,,,
7,21,G,3,7,174,put,1,0,Y,Z,,monte_carlo,24,1.0,9.5,1.0,1.0,0.0
7,22,F,3,6,50,put,2,0,Z,Y,Y,random,,,,,,
7,23,G,3,5,80,put,2,1,X,Z,,monte_carlo,24,1.0,9.6,1.0,1.0,0.0
7,24,G,3,4,32,put,1,2,Z,X,,monte_carlo,24,1.0,10.0,1.0,1.0,0.0
8,1,F,1,9,649,put,2,1,Z,X,,random,,,,,,
8,2,G,1,8,577,put,1,1,Z,X,,monte_carlo,24,0.65,0.9,0.65,0.65,0.0
8,3,F,1,7,463,put,0,1,X,Y,,random,,,,,,
8,4,G,1,6,397,put,1,2,Y,Z,,monte_carlo,24,0.8,1.4,0.8,0.75,0.050000000000000044
8,5,F,1,5,301,put,2,2,X,Y,,random,,,,,,
8,6,G,1,4,241,put,2,0,X,Z,,monte_carlo,24,0.9,5.6,0.9,0.9,0.0
8,7,F,1,3,163,put,1,0,X,Y,,random,,,,,,
8,8,G,1,2,109,put,0,0,Z,Y,,monte_carlo,24,1.0,9.0,1.0,1.0,0.0
8,9,F,1,1,49,put,0,2,Y,X,,random,,,,,,
8,10,F,2,9,547,put,0,1,Z,X,,random,,,,,,
8,11,G,2,8,560,put,0,2,Z,X,X,monte_carlo,24,1.0,9.1,1.0,1.0,0.0
8,12,F,2,7,361,put,2,1,X,Y,,random,,,,,,
8,13,G,2,6,364,put,0,0,Y,X,,monte_carlo,24,1.0,12.0,1.0,1.0,0.0
8,14,F,2,5,211,put,1,0,X,Z,,random,,,,,,
8,15,G,2,4,204,put,2,2,Z,Y,,monte_carlo,24,1.0,15.6,1.0,1.0,0.0
8,16,F,2,3,97,put,1,1,X,Y,,random,,,,,,
8,17,G,2,2,90,put,1,2,X,Y,,monte_carlo,24,1.0,18.0,1.0,1.0,0.0
8,18,F,2,1,31,put,2,0,Y,Z,Y,random,,,,,,
8,19,G,3,9,312,put,0,1,X,Z,X,monte_carlo,24,1.0,17.9,1.0,1.0,0.0
8,20,F,3,8,140,put,1,1,Z,X,,random,,,,,,
8,21,G,3,7,192,put,2,1,Z,X,,monte_carlo,24,1.0,18.3,1.0,1.0,0.0
8,22,F,3,6,56,put,1,0,Z,Y,,random,,,,,,
8,23,G,3,5,96,put,0,2,Y,X,,monte_carlo,24,1.0,18.7,1.0,1.0,0.0
8,24,G,3,4,38,put,1,2,X,Z,,monte_carlo,24,1.0,19.0,1.0,1.0,0.0
9,1,F,1,9,649,put,2,0,Z,Y,,random,,,,,,
9,2,G,1,8,577,put,2,2,X,Z,,monte_carlo,24,0.6,0.4,0.6,0.6,0.0
9,3,F,1,7,463,put,0,0,Y,X,,random,,,,,,
9,4,G,1,6,397,put,1,0,Z,Y,,monte_carlo,24,0.65,2.2,0.65,0.65,0.0
9,5,F,1,5,301,put,0,2,X,Z,,random,,,,,,
9,6,G,1,4,241,put,1,2,Z,Y,,monte_carlo,24,0.75,1.1,0.75,0.7,0.050000000000000044
9,7,F,1,3,163,put,1,1,X,Z,,random,,,,,,
9,8,G,1,2,109,put,2,1,Z,Y,,monte_carlo,24,0.95,3.9,0.95,0.85,0.09999999999999998
9,9,F,1,1,49,put,0,1,Y,Z,,random,,,,,,
9,10,F,2,9,547,put,0,1,X,Z,X,random,,,,,,
9,11,G,2,8,560,put,2,0,Z,Y,Y,monte_carlo,24,1.0,6.8,1.0,1.0,0.0
9,12,F,2,7,361,put,0,2,Z,X,X,random,,,,,,
9,13,G,2,6,350,put,0,0,X,Z,,monte_carlo,24,1.0,8.1,1.0,1.0,0.0
9,14,F,2,5,201,put,2,2,X,Y,,random,,,,,,
9,15,G,2,4,180,put,1,1,X,Z,,monte_carlo,24,1.0,9.8,1.0,1.0,0.0
9,16,F,2,3,97,put,2,1,Z,X,X,random,,,,,,
9,17,G,2,2,80,put,1,2,Y,X,,monte_carlo,24,1.0,14.0,1.0,1.0,0.0
9,18,F,2,1,25,put,1,0,Z,Y,,random,,,,,,
9,19,G,3,9,312,put,0,2,Y,Z,Y,monte_carlo,24,1.0,14.2,1.0,1.0,0.0
9,20,F,3,8,136,put,2,2,X,Z,X,random,,,,,,
9,21,G,3,7,174,put,2,0,Y,Z,Y,monte_carlo,24,1.0,15.7,1.0,1.0,0.0
9,22,F,3,6,48,put,0,1,X,Y,,random,,,,,,
9,23,G,3,5,80,put,0,0,X,Y,,monte_carlo,24,1.0,16.6,1.0,1.0,0.0
9,24,G,3,4,30,put,1,0,Y,Z,,monte_carlo,24,1.0,17.0,1.0,1.0,0.0
10,1,F,1,9,649,put,2,0,Z,X,,random,,,,,,
10,2,G,1,8,577,put,0,1,X,Z,,monte_carlo,24,0.7,1.9,0.7,0.6,0.09999999999999998
10,3,F,1,7,463,put,1,1,X,Z,,random,,,,,,
10,4,G,1,6,397,put,1,0,Z,Y,,monte_carlo,24,1.0,5.6,1.0,0.9,0.09999999999999998
10,5,F,1,5,301,put,0,0,Y,Z,,random,,,,,,
10,6,G,1,4,241,put,0,2,X,Y,,monte_carlo,24,1.0,5.9,1.0,1.0,0.0
10,7,F,1,3,163,put,1,2,Z,Y,,random,,,,,,
10,8,G,1,2,109,put,2,1,Z,Y,,monte_carlo,24,1.0,7.3,1.0,1.0,0.0
10,9,F,1,1,49,put,2,2,X,Y,,random,,,,,,
10,10,F,2,9,547,put,2,0,Y,Z,Y,random,,,,,,
10,11,G,2,8,544,put,2,2,Z,Y,Y,monte_carlo,24,1.0,6.4,1.0,1.0,0.0
10,12,F,2,7,349,put,0,0,Y,Z,,random,,,,,,
10,13,G,2,6,336,put,0,2,Z,Y,,monte_carlo,24,1.0,6.8,1.0,1.0,0.0
10,14,F,2,5,191,put,1,1,X,Z,,random,,,,,,
10,15,G,2,4,192,put,2,1,Y,X,,monte_carlo,24,1.0,9.8,1.0,1.0,0.0
10,16,F,2,3,97,put,0,1,Z,X,,random,,,,,,
10,17,G,2,2,80,put,1,0,Y,X,,monte_carlo,24,1.0,10.7,1.0,1.0,0.0
10,18,F,2,1,25,put,1,2,Y,X,,random,,,,,,
10,19,G,3,9,312,put,0,2,Z,Y,Y,monte_carlo,24,1.0,10.7,1.0,1.0,0.0
10,20,F,3,8,136,put,1,0,Y,Z,Y,random,,,,,,
10,21,G,3,7,180,put,2,1,Y,Z,,monte_carlo,24,1.0,11.8,1.0,1.0,0.0
10,22,F,3,6,52,put,0,0,Z,X,X,random,,,,,,
10,23,G,3,5,84,put,2,0,X,Z,,monte_carlo,24,1.0,12.7,1.0,1.0,0.0
10,24,G,3,4,32,put,1,1,Y,X,,monte_carlo,24,1.0,13.0,1.0,1.0,0.0
11,1,F,1,9,649,put,1,0,Z,Y,,random,,,,,,
11,2,G,1,8,577,put,2,0,X,Z,,monte_carlo,24,0.75,1.6,0.75,0.75,0.0
11,3,F,1,7,463,put,0,1,Z,X,,random,,,,,,
11,4,G,1,6,397,put,1,1,Y,Z,,monte_carlo,24,0.65,0.7,0.65,0.6,0.050000000000000044
11,5,F,1,5,301,put,0,0,X,Y,,random,,,,,,
11,6,G,1,4,241,put,1,2,X,Z,,monte_carlo,24,1.0,4.8,1.0,0.9,0.09999999999999998
11,7,F,1,3,163,put,2,2,X,Y,,random,,,,,,
11,8,G,1,2,109,put,2,1,Z,Y,,monte_carlo,24,0.85,3.2,0.85,0.8,0.04999999999999993
11,9,F,1,1,49,put,0,2,Z,X,,random,,,,,,
11,10,F,2,9,547,put,2,0,Y,X,,random,,,,,,
11,11,G,2,8,544,put,0,1,Z,X,X,monte_carlo,24,0.85,3.0,0.85,0.85,0.0
11,12,F,2,7,361,put,2,2,Z,Y,Y,random,,,,,,
11,13,G,2,6,350,put,0,0,Z,Y,,monte_carlo,24,1.0,4.6,1.0,1.0,0.0
11,14,F,2,5,201,put,1,0,Y,Z,Y,random,,,,,,
11,15,G,2,4,192,put,2,1,Y,X,,monte_carlo,24,1.0,4.9,1.0,1.0,0.0
11,16,F,2,3,97,put,1,2,Y,Z,Y,random,,,,,,
11,17,G,2,2,80,put,0,2,X,Z,,monte_carlo,24,1.0,8.0,1.0,1.0,0.0
11,18,F,2,1,19,put,1,1,Z,Y,,random,,,,,,
11,19,G,3,9,312,put,2,0,X,Z,,monte_carlo,24,1.0,8.0,1.0,1.0,0.0
11,20,F,3,8,136,put,1,0,X,Y,,random,,,,,,
11,21,G,3,7,180,put,2,2,Z,Y,Y,monte_carlo,24,1.0,8.7,1.0,1.0,0.0
11,22,F,3,6,50,put,0,1,Z,X,,random,,,,,,
11,23,G,3,5,84,put,2,1,X,Z,X,monte_carlo,24,1.0,10.1,1.0,1.0,0.0
11,24,G,3,4,34,put,1,2,X,Y,,monte_carlo,24,1.0,11.0,1.0,1.0,0.0
12,1,F,1,9,649,put,2,1,Y,X,,random,,,,,,
12,2,G,1,8,577,put,0,0,Z,Y,,monte_carlo,24,0.8,2.0,0.8,0.7,0.10000000000000009
12,3,F,1,7,463,put,2,2,Y,Z,,random,,,,,,
12,4,G,1,6,397,put,1,2,X,Y,,monte_carlo,24,0.8,1.4,0.8,0.75,0.050000000000000044
12,5,F,1,5,301,put,0,2,Z,X,,random,,,,,,
12,6,G,1,4,241,put,1,1,Y,X,,monte_carlo,24,0.75,3.0,0.75,0.65,0.09999999999999998
12,7,F,1,3,163,put,1,0,Z,X,,random,,,,,,
12,8,G,1,2,109,put,0,1,Y,Z,,monte_carlo,24,1.0,7.1,1.0,1.0,0.0
12,9,F,1,1,49,put,2,0,X,Z,,random,,,,,,
12,10,F,2,9,547,put,2,0,Z,Y,,random,,,,,,
12,11,G,2,8,544,put,1,0,Z,X,,monte_carlo,24,1.0,7.7,1.0,1.0,0.0
12,12,F,2,7,361,put,0,1,Z,X,X,random,,,,,,
12,13,G,2,6,364,put,2,2,Y,Z,,monte_carlo,24,1.0,6.5,1.0,1.0,0.0
12,14,F,2,5,211,put,0,0,Y,Z,,random,,,,,,
12,15,G,2,4,192,put,1,1,Y,X,,monte_carlo,24,1.0,6.6,1.0,1.0,0.0
12,16,F,2,3,105,put,1,2,Z,Y,,random,,,,,,
12,17,G,2,2,90,put,2,1,Z,Y,,monte_carlo,24,1.0,7.0,1.0,1.0,0.0
12,18,F,2,1,31,put,0,2,X,Z,,random,,,,,,
12,19,G,3,9,312,put,1,2,X,Z,,monte_carlo,24,1.0,6.9,1.0,1.0,0.0
12,20,F,3,8,140,put,1,0,Y,Z,,random,,,,,,
12,21,G,3,7,186,put,0,0,X,Z,,monte_carlo,24,1.0,7.2,1.0,1.0,0.0
12,22,F,3,6,52,put,2,2,Y,Z,,random,,,,,,
12,23,G,3,5,84,put,0,2,X,Z,X,monte_carlo,24,1.0,7.9,1.0,1.0,0.0
12,24,G,3,4,32,put,1,1,X,Y,,monte_carlo,24,1.0,9.0,1.0,1.0,0.0
13,1,F,1,9,649,put,2,0,Y,Z,,random,,,,,,
13,2,G,1,8,577,put,0,0,Z,Y,,monte_carlo,24,0.75,1.8,0.75,0.7,0.050000000000000044
13,3,F,1,7,463,put,1,2,X,Z,,random,,,,,,
13,4,G,1,6,397,put,1,1,Y,Z,,monte_carlo,24,0.95,3.0,0.95,0.9,0.04999999999999993
13,5,F,1,5,301,put,0,1,Y,Z,,random,,,,,,
13,6,G,1,4,241,put,2,2,Z,X,,monte_carlo,24,1.0,7.0,1.0,1.0,0.0
13,7,F,1,3,163,put,0,2,Y,X,,random,,,,,,
13,8,G,1,2,109,end_phase,,,,,,monte_carlo,24,1.0,7.0,1.0,1.0,0.0
13,9,F,2,9,625,put,2,2,X,Z,,random,,,,,,
13,10,G,2,8,612,put,1,1,X,Z,,monte_carlo,24,1.0,7.1,1.0,1.0,0.0
13,11,F,2,7,435,put,2,1,Y,X,,random,,,,,,
13,12,G,2,6,432,put,1,2,X,Y,,monte_carlo,24,1.0,7.8,1.0,1.0,0.0
13,13,F,2,5,277,put,0,0,Z,Y,Y,random,,,,,,
13,14,G,2,4,252,put,0,2,Z,X,X,monte_carlo,24,1.0,9.4,1.0,1.0,0.0
13,15,F,2,3,131,put,1,0,X,Y,,random,,,,,,
13,16,G,2,2,108,put,0,1,Y,X,,monte_carlo,24,1.0,9.0,1.0,1.0,0.0
13,17,F,2,1,41,put,2,0,X,Y,,random,,,,,,
13,18,G,3,9,390,put,1,2,X,Y,,monte_carlo,24,1.0,10.9,1.0,1.0,0.0
13,19,F,3,8,210,put,0,0,X,Y,,random,,,,,,
13,20,G,3,7,240,put,0,2,Y,Z,,monte_carlo,24,1.0,11.2,1.0,1.0,0.0
13,21,F,3,6,100,put,2,2,Y,Z,,random,,,,,,
13,22,G,3,5,120,put,2,1,Z,X,X,monte_carlo,24,1.0,11.2,1.0,1.0,0.0
13,23,F,3,4,32,put,2,0,Y,X,,random,,,,,,
13,24,G,3,3,44,put,1,0,Z,X,,monte_carlo,24,1.0,12.5,1.0,1.0,0.0
13,25,G,3,2,14,put,1,1,X,Y,,monte_carlo,14,1.0,13.0,1.0,1.0,0.0
14,1,F,1,9,649,put,1,0,X,Z,,random,,,,,,
14,2,G,1,8,577,put,0,2,X,Y,,monte_carlo,24,0.75,1.0,0.75,0.65,0.09999999999999998
14,3,F,1,7,463,put,1,2,Y,X,,random,,,,,,
14,4,G,1,6,397,put,0,0,Z,X,,monte_carlo,24,0.7,2.5,0.7,0.55,0.1499999999999999
14,5,F,1,5,301,put,0,1,X,Y,,random,,,,,,
14,6,G,1,4,241,put,2,2,Y,Z,,monte_carlo,24,0.8,2.7,0.8,0.65,0.15000000000000002
14,7,F,1,3,163,put,2,1,X,Z,,random,,,,,,
14,8,G,1,2,109,put,1,1,Y,X,,monte_carlo,24,0.9,2.8,0.9,0.9,0.0
14,9,F,1,1,49,put,2,0,Y,X,,random,,,,,,
14,10,F,2,9,547,put,2,0,X,Z,X,random,,,,,,
14,11,G,2,8,544,put,0,1,Z,Y,,monte_carlo,24,1.0,3.6,1.0,1.0,0.0
14,12,F,2,7,361,put,1,1,X,Z,,random,,,,,,
14,13,G,2,6,378,put,1,2,Z,Y,,monte_carlo,24,1.0,5.2,1.0,1.0,0.0
14,14,F,2,5,231,put,0,0,Y,Z,,random,,,,,,
14,15,G,2,4,216,put,2,2,Z,Y,Y,monte_carlo,24,1.0,9.2,1.0,1.0,0.0
14,16,F,2,3,105,put,0,2,Y,Z,Y,random,,,,,,
14,17,G,2,2,80,put,1,0,X,Y,,monte_carlo,24,1.0,9.0,1.0,1.0,0.0
14,18,F,2,1,25,put,2,1,X,Z,X,random,,,,,,
14,19,G,3,9,312,put,0,1,X,Z,X,monte_carlo,24,1.0,9.5,1.0,1.0,0.0
14,20,F,3,8,140,put,1,2,Y,X,,random,,,,,,
14,21,G,3,7,186,put,2,0,Y,Z,Y,monte_carlo,24,1.0,10.8,1.0,1.0,0.0
14,22,F,3,6,52,put,1,0,Y,Z,,random,,,,,,
14,23,G,3,5,88,put,0,0,Y,X,,monte_carlo,24,1.0,12.1,1.0,1.0,0.0
14,24,G,3,4,34,put,0,2,Z,Y,Y,monte_carlo,24,1.0,13.0,1.0,1.0,0.0
15,1,F,1,9,649,put,1,2,X,Y,,random,,,,,,
15,2,G,1,8,577,put,2,2,Z,X,,monte_carlo,24,0.85,2.7,0.85,0.7,0.15000000000000002
15,3,F,1,7,463,put,0,2,Z,Y,,random,,,,,,
15,4,G,1,6,397,put,2,0,Y,Z,,monte_carlo,24,0.65,0.3,0.65,0.5,0.15000000000000002
15,5,F,1,5,301,put,0,1,Z,X,,random,,,,,,
15,6,G,1,4,241,put,0,0,Z,Y,,monte_carlo,24,0.75,2.0,0.75,0.7,0.050000000000000044
15,7,F,1,3,163,put,2,1,X,Y,,random,,,,,,
15,8,G,1,2,109,put,1,1,X,Y,,monte_carlo,24,1.0,4.4,1.0,0.9,0.09999999999999998
15,9,F,1,1,49,put,1,0,X,Z,,random,,,,,,
15,10,F,2,9,547,put,0,1,Y,Z,,random,,,,,,
15,11,G,2,8,560,put,2,1,Z,X,,monte_carlo,24,0.95,2.8,0.95,0.85,0.09999999999999998
15,12,F,2,7,373,put,2,0,Y,Z,,random,,,,,,
15,13,G,2,6,364,put,2,2,X,Y,,monte_carlo,24,0.95,4.7,0.95,0.9,0.04999999999999993
15,14,F,2,5,211,put,0,0,Y,X,,random,,,,,,
15,15,G,2,4,192,put,0,2,Z,Y,,monte_carlo,24,1.0,7.0,1.0,1.0,0.0
15,16,F,2,3,89,put,1,1,X,Y,,random,,,,,,
15,17,G,2,2,80,put,1,2,Z,Y,,monte_carlo,24,1.0,11.1,1.0,1.0,0.0
15,18,F,2,1,25,put,1,0,Z,X,,random,,,,,,
15,19,G,3,9,312,put,0,1,Y,Z,,monte_carlo,24,1.0,10.3,1.0,1.0,0.0
15,20,F,3,8,140,put,1,0,Y,Z,Y,random,,,,,,
15,21,G,3,7,186,put,2,2,X,Z,,monte_carlo,24,1.0,11.5,1.0,1.0,0.0
15,22,F,3,6,52,put,0,0,Z,Y,,random,,,,,,
15,23,G,3,5,84,put,1,1,Y,Z,,monte_carlo,24,1.0,11.4,1.0,1.0,0.0
15,24,G,3,4,36,put,2,0,X,Y,,monte_carlo,24,1.0,12.0,1.0,1.0,0.0
16,1,F,1,9,649,put,1,0,X,Z,,random,,,,,,
16,2,G,1,8,577,put,2,2,Z,Y,,monte_carlo,24,0.85,2.3,0.85,0.8,0.04999999999999993
16,3,F,1,7,463,put,2,0,X,Z,,random,,,,,,
16,4,G,1,6,397,put,1,2,Z,Y,,monte_carlo,24,0.9,4.3,0.9,0.85,0.050000000000000044
16,5,F,1,5,301,put,0,1,Y,X,,random,,,,,,
16,6,G,1,4,241,put,1,1,Z,X,,monte_carlo,24,0.95,5.8,0.95,0.95,0.0
16,7,F,1,3,163,put,2,1,Z,Y,,random,,,,,,
16,8,G,1,2,109,put,0,0,X,Y,,monte_carlo,24,1.0,7.3,1.0,1.0,0.0
16,9,F,1,1,49,put,0,2,Y,X,,random,,,,,,
16,10,F,2,9,547,put,0,1,Z,X,X,random,,,,,,
16,11,G,2,8,560,put,1,0,Y,X,,monte_carlo,24,1.0,7.0,1.0,1.0,0.0
16,12,F,2,7,373,put,0,2,X,Y,,random,,,,,,
16,13,G,2,6,364,put,0,0,Z,X,,monte_carlo,24,1.0,7.6,1.0,1.0,0.0
16,14,F,2,5,211,put,2,0,X,Z,X,random,,,,,,
16,15,G,2,4,192,put,2,1,X,Z,,monte_carlo,24,1.0,8.3,1.0,1.0,0.0
16,16,F,2,3,97,put,2,2,X,Z,X,random,,,,,,
16,17,G,2,2,70,put,1,2,X,Z,,monte_carlo,24,1.0,7.7,1.0,1.0,0.0
16,18,F,2,1,19,put,1,1,X,Z,,random,,,,,,
16,19,G,3,9,312,put,2,0,X,Z,X,monte_carlo,24,1.0,9.9,1.0,1.0,0.0
16,20,F,3,8,136,put,1,0,Z,Y,,random,,,,,,
16,21,G,3,7,180,put,2,2,X,Z,,monte_carlo,24,1.0,10.3,1.0,1.0,0.0
16,22,F,3,6,50,put,1,1,Y,X,,random,,,,,,
16,23,G,3,5,88,put,0,2,Z,X,X,monte_carlo,24,1.0,10.6,1.0,1.0,0.0
16,24,G,3,4,34,put,0,1,Z,X,X,monte_carlo,24,1.0,11.0,1.0,1.0,0.0
17,1,F,1,9,649,put,1,2,X,Z,,random,,,,,,
17,2,G,1,8,577,put,1,1,Z,X,,monte_carlo,24,0.85,2.4,0.85,0.65,0.19999999999999996
17,3,F,1,7,463,put,2,0,Y,X,,random,,,,,,
17,4,G,1,6,397,put,2,1,Y,X,,monte_carlo,24,0.8,1.9,0.8,0.75,0.050000000000000044
17,5,F,1,5,301,put,2,2,Z,Y,,random,,,,,,
17,6,G,1,4,241,put,1,0,Y,Z,,monte_carlo,24,0.85,2.4,0.85,0.8,0.04999999999999993
17,7,F,1,3,163,put,0,0,X,Z,,random,,,,,,
17,8,G,1,2,109,put,0,1,Z,Y,,monte_carlo,24,1.0,7.4,1.0,1.0,0.0
17,9,F,1,1,49,put,0,2,Y,X,,random,,,,,,
17,10,F,2,9,547,put,0,0,X,Y,,random,,,,,,
17,11,G,2,8,544,put,2,0,Y,X,,monte_carlo,24,1.0,7.6,1.0,1.0,0.0
17,12,F,2,7,349,put,0,2,Z,Y,Y,random,,,,,,
17,13,G,2,6,336,put,2,2,Z,X,X,monte_carlo,24,1.0,7.8,1.0,1.0,0.0
17,14,F,2,5,191,put,1,1,X,Z,,random,,,,,,
17,15,G,2,4,192,put,1,0,Y,Z,,monte_carlo,24,1.0,9.2,1.0,1.0,0.0
17,16,F,2,3,97,put,0,1,X,Y,,random,,,,,,
17,17,G,2,2,80,put,2,1,Z,X,,monte_carlo,24,1.0,11.2,1.0,1.0,0.0
17,18,F,2,1,25,put,1,2,Z,Y,,random,,,,,,
17,19,G,3,9,312,put,1,1,Z,Y,,monte_carlo,24,1.0,10.5,1.0,1.0,0.0
17,20,F,3,8,144,put,2,1,X,Z,X,random,,,,,,
17,21,G,3,7,192,put,2,2,X,Z,,monte_carlo,24,1.0,10.9,1.0,1.0,0.0
17,22,F,3,6,54,put,2,0,Y,Z,,random,,,,,,
17,23,G,3,5,88,put,0,2,Y,Z,,monte_carlo,24,1.0,11.4,1.0,1.0,0.0
17,24,G,3,4,34,put,1,2,Z,Y,Y,monte_carlo,24,1.0,12.0,1.0,1.0,0.0
18,1,F,1,9,649,put,1,1,X,Y,,random,,,,,,
18,2,G,1,8,577,put,2,2,Z,X,,monte_carlo,24,0.7,2.2,0.7,0.7,0.0
18,3,F,1,7,463,put,0,0,Z,Y,,random,,,,,,
18,4,G,1,6,397,put,0,1,Z,X,,monte_carlo,24,0.8,2.3,0.8,0.75,0.050000000000000044
18,5,F,1,5,301,put,1,0,Z,X,,random,,,,,,
18,6,G,1,4,241,put,2,1,Z,X,,monte_carlo,24,0.7,1.2,0.7,0.6,0.09999999999999998
18,7,F,1,3,163,put,0,2,X,Y,,random,,,,,,
18,8,G,1,2,109,put,2,0,Y,X,,monte_carlo,24,1.0,6.3,1.0,1.0,0.0
18,9,F,1,1,49,put,1,2,Z,Y,,random,,,,,,
18,10,F,2,9,547,put,0,0,X,Y,,random,,,,,,
18,11,G,2,8,544,put,1,1,X,Y,,monte_carlo,24,1.0,4.8,1.0,1.0,0.0
18,12,F,2,7,373,put,0,2,Y,Z,,random,,,,,,
18,13,G,2,6,364,put,1,0,X,Z,,monte_carlo,24,1.0,5.4,1.0,1.0,0.0
18,14,F,2,5,221,put,1,2,Y,Z,Y,random,,,,,,
18,15,G,2,4,216,put,2,0,Z,Y,,monte_carlo,24,1.0,9.7,1.0,1.0,0.0
18,16,F,2,3,105,put,0,1,X,Z,X,random,,,,,,
18,17,G,2,2,90,put,2,2,X,Y,,monte_carlo,24,1.0,12.6,1.0,1.0,0.0
18,18,F,2,1,25,put,2,1,Z,X,X,random,,,,,,
18,19,G,3,9,312,put,1,2,X,Z,,monte_carlo,24,1.0,13.8,1.0,1.0,0.0
18,20,F,3,8,140,put,0,1,Z,X,,random,,,,,,
18,21,G,3,7,186,put,0,0,Z,Y,,monte_carlo,24,1.0,15.1,1.0,1.0,0.0
18,22,F,3,6,52,put,2,2,Z,X,,random,,,,,,
18,23,G,3,5,84,put,2,1,Y,Z,,monte_carlo,24,1.0,15.7,1.0,1.0,0.0
18,24,G,3,4,34,put,1,0,Y,Z,,monte_carlo,24,1.0,16.0,1.0,1.0,0.0
19,1,F,1,9,649,put,2,1,Z,Y,,random,,,,,,
19,2,G,1,8,577,put,0,0,Y,X,,monte_carlo,24,0.85,3.2,0.85,0.75,0.09999999999999998
19,3,F,1,7,463,put,1,1,Y,Z,,random,,,,,,
19,4,G,1,6,397,put,0,1,X,Z,,monte_carlo,24,0.75,2.8,0.75,0.65,0.09999999999999998
19,5,F,1,5,301,put,1,0,Z,X,,random,,,,,,
19,6,G,1,4,241,put,1,2,Y,X,,monte_carlo,24,0.9,3.5,0.9,0.85,0.050000000000000044
19,7,F,1,3,163,put,2,0,Z,X,,random,,,,,,
19,8,G,1,2,109,put,0,2,Z,X,,monte_carlo,24,0.95,4.1,0.95,0.8,0.1499999999999999
19,9,F,1,1,49,put,2,2,Z,Y,,random,,,,,,
19,10,F,2,9,547,put,1,2,Y,Z,Y,random,,,,,,
19,11,G,2,8,560,put,2,1,Y,Z,,monte_carlo,24,1.0,4.7,1.0,1.0,0.0
19,12,F,2,7,373,put,0,1,Z,X,X,random,,,,,,
19,13,G,2,6,378,put,0,2,X,Y,,monte_carlo,24,1.0,7.7,1.0,1.0,0.0
19,14,F,2,5,221,put,0,0,X,Z,,random,,,,,,
19,15,G,2,4,204,put,1,1,X,Z,,monte_carlo,24,1.0,9.9,1.0,1.0,0.0
19,16,F,2,3,113,put,2,2,Z,Y,,random,,,,,,
19,17,G,2,2,90,put,2,0,Y,Z,Y,monte_carlo,24,1.0,10.8,1.0,1.0,0.0
19,18,F,2,1,25,put,1,0,Z,Y,,random,,,,,,
19,19,G,3,9,312,put,2,0,X,Z,X,monte_carlo,24,1.0,11.3,1.0,1.0,0.0
19,20,F,3,8,136,put,0,1,Z,X,X,random,,,,,,
19,21,G,3,7,180,put,1,2,X,Z,,monte_carlo,24,1.0,13.3,1.0,1.0,0.0
19,22,F,3,6,52,put,0,2,Z,Y,,random,,,,,,
19,23,G,3,5,84,put,1,0,Z,Y,Y,monte_carlo,24,1.0,13.7,1.0,1.0,0.0
19,24,G,3,4,34,put,1,1,X,Z,,monte_carlo,24,1.0,14.0,1.0,1.0,0.0
20,1,F,1,9,649,put,0,2,X,Z,,random,,,,,,
20,2,G,1,8,577,put,0,1,Y,X,,monte_carlo,24,0.6,2.0,0.6,0.6,0.0
20,3,F,1,7,463,put,2,1,Y,X,,random,,,,,,
20,4,G,1,6,397,put,1,1,Z,X,,monte_carlo,24,1.0,3.2,1.0,0.8,0.19999999999999996
20,5,F,1,5,301,put,2,2,Z,X,,random,,,,,,
20,6,G,1,4,241,put,2,0,Z,Y,,monte_carlo,24,0.8,2.2,0.8,0.8,0.0
20,7,F,1,3,163,put,0,0,Y,X,,random,,,,,,
20,8,G,1,2,109,put,1,0,Y,Z,,monte_carlo,24,1.0,7.7,1.0,1.0,0.0
20,9,F,1,1,49,put,1,2,Y,Z,,random,,,,,,
20,10,F,2,9,547,put,1,1,X,Z,,random,,,,,,
20,11,G,2,8,576,put,2,0,Z,Y,Y,monte_carlo,24,1.0,8.1,1.0,1.0,0.0
20,12,F,2,7,373,put,2,2,Z,X,X,random,,,,,,
20,13,G,2,6,364,put,0,2,Z,X,X,monte_carlo,24,1.0,8.6,1.0,1.0,0.0
20,14,F,2,5,211,put,2,1,X,Z,,random,,,,,,
20,15,G,2,4,204,put,0,1,Y,X,,monte_carlo,24,1.0,11.2,1.0,1.0,0.0
20,16,F,2,3,105,put,1,2,Z,Y,,random,,,,,,
20,17,G,2,2,90,put,1,0,X,Z,,monte_carlo,24,1.0,12.0,1.0,1.0,0.0
20,18,F,2,1,31,put,0,0,X,Z,X,random,,,,,,
20,19,G,3,9,312,put,0,0,X,Z,,monte_carlo,24,1.0,13.3,1.0,1.0,0.0
20,20,F,3,8,136,put,2,0,X,Z,X,random,,,,,,
20,21,G,3,7,174,put,2,2,Z,X,,monte_carlo,24,1.0,13.4,1.0,1.0,0.0
20,22,F,3,6,48,put,2,1,X,Y,,random,,,,,,
20,23,G,3,5,80,put,1,1,X,Y,,monte_carlo,24,1.0,13.9,1.0,1.0,0.0
20,24,G,3,4,34,put,0,2,X,Z,X,monte_carlo,24,1.0,15.0,1.0,1.0,0.0
21,1,F,1,9,649,put,1,0,X,Y,,random,,,,,,
21,2,G,1,8,577,put,0,1,X,Y,,monte_carlo,24,0.7,0.8,0.7,0.65,0.04999999999999993
21,3,F,1,7,463,put,0,0,X,Y,,random,,,,,,
21,4,G,1,6,397,put,0,2,Z,Y,,monte_carlo,24,0.75,0.7,0.75,0.7,0.050000000000000044
21,5,F,1,5,301,put,2,1,Y,X,,random,,,,,,
21,6,G,1,4,241,put,1,1,Y,Z,,monte_carlo,24,0.8,3.4,0.8,0.7,0.10000000000000009
21,7,F,1,3,163,put,1,2,Y,X,,random,,,,,,
21,8,G,1,2,109,put,2,0,X,Y,,monte_carlo,24,1.0,8.1,1.0,1.0,0.0
21,9,F,1,1,49,put,2,2,Y,X,,random,,,,,,
21,10,F,2,9,547,put,2,0,X,Z,X,random,,,,,,
21,11,G,2,8,544,put,1,2,X,Z,,monte_carlo,24,1.0,9.9,1.0,1.0,0.0
21,12,F,2,7,361,put,0,0,Y,X,,random,,,,,,
21,13,G,2,6,350,put,0,1,Z,X,,monte_carlo,24,1.0,9.8,1.0,1.0,0.0
21,14,F,2,5,211,put,2,2,Y,Z,,random,,,,,,
21,15,G,2,4,192,put,1,0,Y,X,,monte_carlo,24,1.0,10.4,1.0,1.0,0.0
21,16,F,2,3,97,put,0,2,Z,X,X,random,,,,,,
21,17,G,2,2,70,put,2,1,Z,X,,monte_carlo,24,1.0,8.9,1.0,1.0,0.0
21,18,F,2,1,19,put,1,1,Z,Y,,random,,,,,,
21,19,G,3,9,312,put,2,0,Z,Y,,monte_carlo,24,1.0,6.5,1.0,1.0,0.0
21,20,F,3,8,136,put,1,0,Y,X,,random,,,,,,
21,21,G,3,7,180,put,1,1,Y,Z,,monte_carlo,24,1.0,7.2,1.0,1.0,0.0
21,22,F,3,6,54,put,1,2,X,Z,,random,,,,,,
21,23,G,3,5,92,put,2,2,Y,Z,Y,monte_carlo,24,1.0,8.7,1.0,1.0,0.0
21,24,G,3,4,36,put,0,2,X,Z,,monte_carlo,24,1.0,9.0,1.0,1.0,0.0
22,1,F,1,9,649,put,2,1,Z,X,,random,,,,,,
22,2,G,1,8,577,put,1,1,X,Y,,monte_carlo,24,0.5,-0.3,0.5,0.5,0.0
22,3,F,1,7,463,put,0,2,Y,X,,random,,,,,,
22,4,G,1,6,397,put,0,1,Z,Y,,monte_carlo,24,0.5,-0.1,0.5,0.5,0.0
22,5,F,1,5,301,put,2,2,X,Z,,random,,,,,,
22,6,G,1,4,241,put,1,0,Y,X,,monte_carlo,24,0.8,2.1,0.8,0.5,0.30000000000000004
22,7,F,1,3,163,put,0,0,Z,Y,,random,,,,,,
22,8,G,1,2,109,put,2,0,Y,Z,,monte_carlo,24,0.8,1.0,0.8,0.6,0.20000000000000007
22,9,F,1,1,49,put,1,2,Z,Y,,random,,,,,,
22,10,F,2,9,547,put,0,2,Z,X,X,random,,,,,,
22,11,G,2,8,544,put,1,2,X,Y,,monte_carlo,24,0.65,0.5,0.65,0.5,0.15000000000000002
22,12,F,2,7,361,put,2,0,Y,Z,Y,random,,,,,,
22,13,G,2,6,350,put,2,2,Z,Y,,monte_carlo,24,0.7,1.0,0.7,0.7,0.0
22,14,F,2,5,201,put,1,0,X,Y,,random,,,,,,
22,15,G,2,4,192,put,0,1,Y,X,,monte_carlo,24,0.9,2.4,0.9,0.9,0.0
22,16,F,2,3,97,put,0,0,Y,Z,,random,,,,,,
22,17,G,2,2,70,put,2,1,Z,Y,,monte_carlo,24,0.95,2.3,0.95,0.95,0.0
22,18,F,2,1,19,put,1,1,X,Z,,random,,,,,,
22,19,G,3,9,312,put,1,2,Z,Y,,monte_carlo,24,1.0,3.8,1.0,1.0,0.0
22,20,F,3,8,140,put,1,0,X,Z,,random,,,,,,
22,21,G,3,7,186,put,2,2,Y,X,,monte_carlo,24,1.0,4.3,1.0,1.0,0.0
22,22,F,3,6,52,put,2,1,Y,X,,random,,,,,,
22,23,G,3,5,88,put,0,0,Z,X,X,monte_carlo,24,1.0,4.3,1.0,1.0,0.0
22,24,G,3,4,34,put,0,2,Y,Z,,monte_carlo,24,1.0,6.0,1.0,1.0,0.0
23,1,F,1,9,649,put,1,0,X,Y,,random,,,,,,
23,2,G,1,8,577,put,2,0,Y,X,,monte_carlo,24,0.65,1.3,0.65,0.65,0.0
23,3,F,1,7,463,put,2,1,X,Y,,random,,,,,,
23,4,G,1,6,397,put,0,2,Z,Y,,monte_carlo,24,0.75,0.1,0.75,0.6,0.15000000000000002
23,5,F,1,5,301,put,0,0,Y,X,,random,,,,,,
23,6,G,1,4,241,put,0,1,Y,X,,monte_carlo,24,0.7,1.7,0.7,0.6,0.09999999999999998
23,7,F,1,3,163,put,2,2,X,Y,,random,,,,,,
23,8,G,1,2,109,put,1,1,Z,X,,monte_carlo,24,0.85,2.7,0.85,0.8,0.04999999999999993
23,9,F,1,1,49,put,1,2,X,Z,,random,,,,,,
23,10,F,2,9,547,put,0,1,X,Z,X,random,,,,,,
23,11,G,2,8,560,put,2,0,X,Z,X,monte_carlo,24,1.0,7.7,1.0,1.0,0.0
23,12,F,2,7,361,put,2,2,Z,X,,random,,,,,,
23,13,G,2,6,350,put,2,1,Z,Y,,monte_carlo,24,1.0,8.1,1.0,1.0,0.0
23,14,F,2,5,211,put,0,2,Y,X,,random,,,,,,
23,15,G,2,4,192,put,1,0,Z,X,,monte_carlo,24,1.0,9.2,1.0,1.0,0.0
23,16,F,2,3,97,put,0,0,Z,Y,Y,random,,,,,,
23,17,G,2,2,70,put,1,1,X,Z,,monte_carlo,24,1.0,10.3,1.0,1.0,0.0
23,18,F,2,1,25,put,1,2,Y,X,,random,,,,,,
23,19,G,3,9,312,put,0,0,Y,Z,Y,monte_carlo,24,1.0,11.0,1.0,1.0,0.0
23,20,F,3,8,136,put,1,0,X,Y,,random,,,,,,
23,21,G,3,7,180,put,2,0,Y,X,,monte_carlo,24,1.0,12.5,1.0,1.0,0.0
23,22,F,3,6,50,put,0,1,X,Z,,random,,,,,,
23,23,G,3,5,84,put,2,1,X,Z,,monte_carlo,24,1.0,13.1,1.0,1.0,0.0
23,24,G,3,4,34,put,1,2,X,Y,,monte_carlo,24,1.0,14.0,1.0,1.0,0.0
24,1,F,1,9,649,put,1,2,Y,Z,,random,,,,,,
24,2,G,1,8,577,put,0,0,X,Z,,monte_carlo,24,0.65,1.1,0.65,0.6,0.050000000000000044
24,3,F,1,7,463,put,0,1,Z,Y,,random,,,,,,
24,4,G,1,6,397,put,2,2,X,Z,,monte_carlo,24,0.65,0.5,0.65,0.65,0.0
24,5,F,1,5,301,put,2,0,X,Z,,random,,,,,,
24,6,G,1,4,241,put,0,2,Z,Y,,monte_carlo,24,0.8,3.4,0.8,0.8,0.0
24,7,F,1,3,163,put,2,1,Z,X,,random,,,,,,
24,8,G,1,2,109,put,1,1,X,Y,,monte_carlo,24,0.95,2.8,0.95,0.9,0.04999999999999993
24,9,F,1,1,49,put,1,0,Y,Z,,random,,,,,,
24,10,F,2,9,547,put,2,1,Z,X,X,random,,,,,,
24,11,G,2,8,560,put,0,0,X,Y,,monte_carlo,24,1.0,4.1,1.0,0.95,0.050000000000000044
24,12,F,2,7,361,put,1,2,Y,Z,Y,random,,,,,,
24,13,G,2,6,364,put,2,2,X,Y,,monte_carlo,24,1.0,4.2,1.0,1.0,0.0
24,14,F,2,5,211,put,2,0,Z,Y,Y,random,,,,,,
24,15,G,2,4,192,put,1,0,Z,Y,Y,monte_carlo,24,1.0,5.1,1.0,1.0,0.0
24,16,F,2,3,97,put,0,2,Z,Y,,random,,,,,,
24,17,G,2,2,70,put,1,1,X,Y,,monte_carlo,24,1.0,7.8,1.0,1.0,0.0
24,18,F,2,1,25,end_phase,,,,,,random,,,,,,
24,19,G,3,9,312,put,0,0,Y,X,,monte_carlo,24,1.0,7.2,1.0,1.0,0.0
24,20,F,3,8,204,put,2,1,Z,X,X,random,,,,,,
24,21,G,3,7,180,put,1,0,Y,Z,,monte_carlo,24,1.0,7.5,1.0,1.0,0.0
24,22,F,3,6,104,put,0,1,X,Z,,random,,,,,,
24,23,G,3,5,88,put,2,0,Y,Z,,monte_carlo,24,1.0,7.1,1.0,1.0,0.0
24,24,F,3,4,34,put,0,2,Y,Z,,random,,,,,,
24,25,G,3,3,24,put,1,1,X,Y,,monte_carlo,24,1.0,8.0,1.0,1.0,0.0
25,1,F,1,9,649,put,1,2,Z,Y,,random,,,,,,
25,2,G,1,8,577,put,2,2,Z,Y,,monte_carlo,24,0.6,0.8,0.6,0.5,0.09999999999999998
25,3,F,1,7,463,put,0,2,X,Y,,random,,,,,,
25,4,G,1,6,397,end_phase,,,,,,monte_carlo,24,0.9,2.2,0.9,0.7,0.20000000000000007
25,5,F,2,9,781,put,2,0,Y,X,,random,,,,,,
25,6,G,2,8,748,put,0,0,Z,Y,,monte_carlo,24,0.85,2.8,0.85,0.85,0.0
25,7,F,2,7,523,put,1,2,Z,X,,random,,,,,,
25,8,G,2,6,500,put,2,1,Z,X,X,monte_carlo,24,1.0,5.8,1.0,1.0,0.0
25,9,F,2,5,337,put,2,2,X,Y,,random,,,,,,
25,10,G,2,4,288,put,0,2,Z,X,X,monte_carlo,24,1.0,7.0,1.0,1.0,0.0
25,11,F,2,3,155,put,0,1,X,Z,X,random,,,,,,
25,12,G,2,2,112,put,1,1,Z,Y,,monte_carlo,24,1.0,8.3,1.0,1.0,0.0
25,13,F,2,1,49,put,1,0,Z,X,,random,,,,,,
25,14,G,3,9,546,put,2,0,Z,X,X,monte_carlo,24,1.0,9.1,1.0,1.0,0.0
25,15,F,3,8,340,put,0,2,Y,X,,random,,,,,,
25,16,G,3,7,348,put,0,1,Y,X,,monte_carlo,24,1.0,9.9,1.0,1.0,0.0
25,17,F,3,6,200,put,2,2,X,Z,X,random,,,,,,
25,18,G,3,5,200,put,2,1,X,Z,X,monte_carlo,24,1.0,10.4,1.0,1.0,0.0
25,19,F,3,4,96,put,1,0,Z,X,,random,,,,,,
25,20,G,3,3,96,put,1,1,Y,X,,monte_carlo,24,1.0,12.0,1.0,1.0,0.0
25,21,F,3,2,36,put,0,0,Z,Y,,random,,,,,,
25,22,G,3,1,24,put,1,2,X,Z,,monte_carlo,24,1.0,12.0,1.0,1.0,0.0
26,1,F,1,9,649,put,0,1,Z,X,,random,,,,,,
26,2,G,1,8,577,put,2,1,Z,Y,,monte_carlo,24,0.65,0.9,0.65,0.6,0.050000000000000044
26,3,F,1,7,463,put,0,0,Y,Z,,random,,,,,,
26,4,G,1,6,397,put,2,2,Y,X,,monte_carlo,24,0.6,1.0,0.6,0.6,0.0
26,5,F,1,5,301,put,1,2,Z,X,,random,,,,,,
26,6,G,1,4,241,put,2,0,Z,X,,monte_carlo,24,0.8,2.6,0.8,0.65,0.15000000000000002
26,7,F,1,3,163,put,0,2,Y,Z,,random,,,,,,
26,8,G,1,2,109,put,1,1,Z,X,,monte_carlo,24,1.0,6.8,1.0,1.0,0.0
26,9,F,1,1,49,put,1,0,Z,Y,,random,,,,,,
26,10,F,2,9,547,put,0,2,X,Z,X,random,,,,,,
26,11,G,2,8,544,put,0,0,Z,X,,monte_carlo,24,0.8,3.5,0.8,0.8,0.0
26,12,F,2,7,349,put,1,0,X,Z,,random,,,,,,
26,13,G,2,6,350,put,0,1,X,Z,,monte_carlo,24,0.85,3.2,0.85,0.8,0.04999999999999993
26,14,F,2,5,211,put,2,0,Z,Y,,random,,,,,,
26,15,G,2,4,192,put,2,2,Z,X,X,monte_carlo,24,1.0,3.6,1.0,0.9,0.09999999999999998
26,16,F,2,3,89,put,1,1,Y,X,,random,,,,,,
26,17,G,2,2,80,put,1,2,Z,Y,Y,monte_carlo,24,1.0,5.2,1.0,1.0,0.0
26,18,F,2,1,25,put,2,1,Z,Y,,random,,,,,,
26,19,G,3,9,312,put,1,0,X,Y,,monte_carlo,24,1.0,6.1,1.0,1.0,0.0
26,20,F,3,8,140,put,0,1,X,Z,X,random,,,,,,
26,21,G,3,7,186,put,2,1,X,Z,,monte_carlo,24,1.0,6.9,1.0,1.0,0.0
26,22,F,3,6,54,put,1,1,Y,X,,random,,,,,,
26,23,G,3,5,96,put,0,2,Y,Z,,monte_carlo,24,1.0,7.7,1.0,1.0,0.0
26,24,G,3,4,38,put,2,2,X,Z,X,monte_carlo,24,1.0,8.0,1.0,1.0,0.0
27,1,F,1,9,649,put,1,0,Y,X,,random,,,,,,
27,2,G,1,8,577,put,0,1,Y,X,,monte_carlo,24,0.7,1.2,0.7,0.65,0.04999999999999993
27,3,F,1,7,463,put,2,1,Y,X,,random,,,,,,
27,4,G,1,6,397,put,2,0,Z,Y,,monte_carlo,24,0.8,2.0,0.8,0.7,0.10000000000000009
27,5,F,1,5,301,put,2,2,Y,X,,random,,,,,,
27,6,G,1,4,241,put,0,0,Y,Z,,monte_carlo,24,0.95,3.3,0.95,0.8,0.1499999999999999
27,7,F,1,3,163,put,0,2,Z,X,,random,,,,,,
27,8,G,1,2,109,put,1,1,Z,X,,monte_carlo,24,1.0,3.9,1.0,0.9,0.09999999999999998
27,9,F,1,1,49,put,1,2,X,Y,,random,,,,,,
27,10,F,2,9,547,put,2,2,Y,Z,,random,,,,,,
27,11,G,2,8,544,put,0,1,X,Z,,monte_carlo,24,1.0,7.5,1.0,1.0,0.0
27,12,F,2,7,361,put,1,1,Y,X,,random,,,,,,
27,13,G,2,6,378,put,0,2,Y,Z,,monte_carlo,24,1.0,7.1,1.0,1.0,0.0
27,14,F,2,5,221,put,1,0,Y,Z,Y,random,,,,,,
27,15,G,2,4,216,put,0,0,Z,X,X,monte_carlo,24,1.0,10.2,1.0,1.0,0.0
27,16,F,2,3,105,put,2,1,X,Z,,random,,,,,,
27,17,G,2,2,90,put,2,0,Y,X,,monte_carlo,24,1.0,11.6,1.0,1.0,0.0
27,18,F,2,1,25,put,1,2,Y,X,,random,,,,,,
27,19,G,3,9,312,put,2,1,Z,X,,monte_carlo,24,1.0,12.9,1.0,1.0,0.0
27,20,F,3,8,140,put,0,2,Y,Z,,random,,,,,,
27,21,G,3,7,180,put,2,0,Y,Z,,monte_carlo,24,1.0,14.6,1.0,1.0,0.0
27,22,F,3,6,50,put,1,0,Y,Z,,random,,,,,,
27,23,G,3,5,84,put,1,2,X,Y,,monte_carlo,24,1.0,15.0,1.0,1.0,0.0
27,24,G,3,4,34,put,0,0,X,Z,X,monte_carlo,24,1.0,16.0,1.0,1.0,0.0
28,1,F,1,9,649,put,1,2,Y,Z,,random,,,,,,
28,2,G,1,8,577,put,1,1,Z,X,,monte_carlo,24,0.7,1.2,0.7,0.65,0.04999999999999993
28,3,F,1,7,463,put,0,0,Z,Y,,random,,,,,,
28,4,G,1,6,397,end_phase,,,,,,monte_carlo,24,0.85,3.8,0.85,0.8,0.04999999999999993
28,5,F,2,9,781,put,2,1,X,Z,,random,,,,,,
28,6,G,2,8,770,put,0,2,Z,Y,Y,monte_carlo,24,1.0,4.9,1.0,1.0,0.0
28,7,F,2,7,541,put,2,2,Z,Y,,random,,,,,,
28,8,G,2,6,500,put,1,2,Z,X,,monte_carlo,24,1.0,7.1,1.0,1.0,0.0
28,9,F,2,5,337,put,2,0,X,Y,,random,,,,,,
28,10,G,2,4,288,put,0,0,Y,Z,,monte_carlo,24,1.0,5.8,1.0,1.0,0.0
28,11,F,2,3,155,put,1,1,Y,X,,random,,,,,,
28,12,G,2,2,128,put,1,0,X,Y,,monte_carlo,24,1.0,7.5,1.0,1.0,0.0
28,13,F,2,1,49,put,0,1,Y,X,,random,,,,,,
28,14,G,3,9,546,put,0,1,Z,Y,,monte_carlo,24,1.0,8.5,1.0,1.0,0.0
28,15,F,3,8,350,put,2,0,Z,X,X,random,,,,,,
28,16,G,3,7,360,put,1,2,Y,X,,monte_carlo,24,1.0,8.3,1.0,1.0,0.0
28,17,F,3,6,208,put,0,0,Z,X,,random,,,,,,
28,18,G,3,5,210,put,1,1,X,Y,,monte_carlo,24,1.0,9.1,1.0,1.0,0.0
28,19,F,3,4,108,put,2,1,Z,X,X,random,,,,,,
28,20,G,3,3,112,put,1,0,Z,X,,monte_carlo,24,1.0,11.5,1.0,1.0,0.0
28,21,F,3,2,40,put,2,2,Z,Y,Y,random,,,,,,
28,22,G,3,1,30,put,0,2,X,Z,X,monte_carlo,24,1.0,13.0,1.0,1.0,0.0
29,1,F,1,9,649,put,2,2,X,Y,,random,,,,,,
29,2,G,1,8,577,put,1,1,Z,X,,monte_carlo,24,0.85,2.2,0.85,0.6,0.25
29,3,F,1,7,463,put,1,0,Z,X,,random,,,,,,
29,4,G,1,6,397,put,1,2,Y,Z,,monte_carlo,24,0.75,1.6,0.75,0.75,0.0
29,5,F,1,5,301,put,2,0,Y,Z,,random,,,,,,
29,6,G,1,4,241,put,0,2,Y,X,,monte_carlo,24,0.85,4.7,0.85,0.8,0.04999999999999993
29,7,F,1,3,163,put,0,0,Y,Z,,random,,,,,,
29,8,G,1,2,109,put,0,1,Z,Y,,monte_carlo,24,0.8,1.3,0.8,0.75,0.050000000000000044
29,9,F,1,1,49,put,2,1,Y,X,,random,,,,,,
29,10,F,2,9,547,put,0,1,X,Z,,random,,,,,,
29,11,G,2,8,560,put,1,2,Z,Y,,monte_carlo,24,0.9,2.9,0.9,0.85,0.050000000000000044
29,12,F,2,7,373,put,2,1,Y,X,,random,,,,,,
29,13,G,2,6,378,put,2,0,Y,X,,monte_carlo,24,1.0,2.8,1.0,0.95,0.050000000000000044
29,14,F,2,5,221,put,1,1,X,Z,,random,,,,,,
29,15,G,2,4,228,put,1,0,Z,X,,monte_carlo,24,1.0,3.9,1.0,1.0,0.0
29,16,F,2,3,121,put,0,2,Z,Y,,random,,,,,,
29,17,G,2,2,100,put,2,2,Z,Y,Y,monte_carlo,24,1.0,5.9,1.0,1.0,0.0
29,18,F,2,1,31,end_phase,,,,,,random,,,,,,
29,19,G,3,9,312,put,2,0,Y,Z,,monte_carlo,24,1.0,7.3,1.0,1.0,0.0
29,20,F,3,8,204,put,0,1,Y,Z,,random,,,,,,
29,21,G,3,7,180,put,2,2,Y,Z,Y,monte_carlo,24,1.0,7.4,1.0,1.0,0.0
29,22,F,3,6,100,put,1,0,Z,Y,,random,,,,,,
29,23,G,3,5,84,put,0,0,Z,Y,,monte_carlo,24,1.0,8.2,1.0,1.0,0.0
29,24,F,3,4,32,put,1,2,Z,X,,random,,,,,,
29,25,G,3,3,24,put,2,1,X,Y,,monte_carlo,24,1.0,8.0,1.0,1.0,0.0
30,1,F,1,9,649,put,1,1,Y,Z,,random,,,,,,
30,2,G,1,8,577,put,0,1,Z,Y,,monte_carlo,24,0.65,1.5,0.65,0.65,0.0
30,3,F,1,7,463,put,2,0,X,Z,,random,,,,,,
30,4,G,1,6,397,put,0,0,Y,X,,monte_carlo,24,0.95,3.5,0.95,0.9,0.04999999999999993
30,5,F,1,5,301,put,2,2,X,Z,,random,,,,,,
30,6,G,1,4,241,put,2,1,X,Y,,monte_carlo,24,1.0,4.0,1.0,0.9,0.09999999999999998
30,7,F,1,3,163,put,1,0,Y,Z,,random,,,,,,
30,8,G,1,2,109,put,0,2,Z,X,,monte_carlo,24,1.0,8.1,1.0,1.0,0.0
30,9,F,1,1,49,put,1,2,Z,X,,random,,,,,,
30,10,F,2,9,547,put,0,1,Z,X,X,random,,,,,,
30,11,G,2,8,560,put,2,1,Z,X,,monte_carlo,24,1.0,6.2,1.0,1.0,0.0
30,12,F,2,7,373,put,0,2,Y,Z,,random,,,,,,
30,13,G,2,6,364,put,2,0,Y,Z,Y,monte_carlo,24,1.0,6.4,1.0,1.0,0.0
30,14,F,2,5,211,put,1,1,Z,Y,,random,,,,,,
30,15,G,2,4,216,put,0,0,Z,Y,,monte_carlo,24,1.0,8.0,1.0,1.0,0.0
30,16,F,2,3,105,put,1,2,Y,X,,random,,,,,,
30,17,G,2,2,90,put,2,2,Y,Z,,monte_carlo,24,1.0,10.1,1.0,1.0,0.0
30,18,F,2,1,25,put,1,0,X,Z,,random,,,,,,
30,19,G,3,9,312,put,1,2,Z,Y,Y,monte_carlo,24,1.0,8.9,1.0,1.0,0.0
30,20,F,3,8,140,put,1,0,Y,Z,,random,,,,,,
30,21,G,3,7,186,put,2,2,X,Y,,monte_carlo,24,1.0,9.4,1.0,1.0,0.0
30,22,F,3,6,52,put,0,2,X,Y,,random,,,,,,
30,23,G,3,5,84,put,0,0,X,Z,X,monte_carlo,24,1.0,9.2,1.0,1.0,0.0
30,24,G,3,4,32,put,2,1,X,Z,,monte_carlo,24,1.0,10.0,1.0,1.0,0.0
